,fit_time,score_time,test_accuracy,test_precision,test_recall,test_logloss
0,0.5693879127502441,0.08613014221191406,0.2428125,0.24259079949342596,0.2428125,1.4622651076030584
1,0.40675783157348633,0.09571504592895508,0.2415625,0.24047658063156072,0.2415625,1.459054425435378
2,0.43236231803894043,0.06423091888427734,0.2453125,0.24335877084746801,0.2453125,1.461649902864063
3,0.39459800720214844,0.059674739837646484,0.2465625,0.24675417738614283,0.2465625,1.4595573658747936
4,0.3898298740386963,0.059821128845214844,0.2484375,0.24833939546349396,0.2484375,1.4504161587500792
5,0.38759899139404297,0.0615382194519043,0.254375,0.25611160429776125,0.254375,1.4616310820666893
6,0.4742898941040039,0.06168317794799805,0.2478125,0.24955563511694226,0.2478125,1.4499238169911604
7,0.392780065536499,0.06359982490539551,0.245,0.24468998146630078,0.245,1.4594112982685874
8,0.4034459590911865,0.07137894630432129,0.248125,0.2466982490064323,0.248125,1.4524076564124488
9,0.40587592124938965,0.06110525131225586,0.2478125,0.24954965059684042,0.2478125,1.4615985673534817
10,0.4038708209991455,0.06254434585571289,0.254375,0.25479227508053787,0.254375,1.4530315463125811
11,0.4027981758117676,0.05974102020263672,0.2528125,0.2550001142578747,0.2528125,1.4536573818005594
12,0.3923792839050293,0.059526920318603516,0.2440625,0.2444366507007505,0.2440625,1.4552945763512906
13,0.38768601417541504,0.06070303916931152,0.2428125,0.24300970051655507,0.2428125,1.4573120105777162
14,0.4029691219329834,0.06768798828125,0.253125,0.2521210075192571,0.253125,1.4555960303859987
15,0.4040648937225342,0.06157279014587402,0.243125,0.24194409844667988,0.243125,1.4629424762083292
16,0.4500412940979004,0.07227492332458496,0.251875,0.2493940015857579,0.251875,1.4560191993591622
17,0.40731000900268555,0.06832695007324219,0.248125,0.24776505904329443,0.248125,1.4593895128309862
18,0.4074690341949463,0.061699867248535156,0.2540625,0.25516677953288075,0.2540625,1.4518241294218663
19,0.38566088676452637,0.06035614013671875,0.2559375,0.2542798337014464,0.2559375,1.444726844473845
20,0.38501524925231934,0.06025099754333496,0.249375,0.24707903060716435,0.249375,1.4492793046928625
21,0.3845999240875244,0.06036210060119629,0.2428125,0.242618769282976,0.2428125,1.4716962710749584
22,0.38347482681274414,0.06015610694885254,0.2478125,0.2478225309716403,0.2478125,1.4572128654953045
23,0.4217257499694824,0.08024716377258301,0.2590625,0.25883196357116467,0.2590625,1.4413374120985474
24,0.4195702075958252,0.06360602378845215,0.2340625,0.23153743844480534,0.2340625,1.471649551055397
25,0.3949551582336426,0.062372684478759766,0.2421875,0.24322963510942341,0.2421875,1.4600011404820197
26,0.3923513889312744,0.060695648193359375,0.2365625,0.23793464006358153,0.2365625,1.4587848937550347
27,0.3957080841064453,0.06068706512451172,0.2575,0.2571462167648379,0.2575,1.4542042436088385
28,0.40577101707458496,0.06170797348022461,0.2496875,0.24834504446293498,0.2496875,1.4534642452173399
29,0.4005303382873535,0.08750271797180176,0.25125,0.25275036390460065,0.25125,1.4501957284709104
30,0.49040985107421875,0.06339120864868164,0.2546875,0.25427641913524146,0.2546875,1.454620431106088
31,0.7042398452758789,0.09055900573730469,0.25875,0.25860596806042513,0.25875,1.4431732554910013
32,0.42961907386779785,0.06799197196960449,0.2578125,0.2570664532292232,0.2578125,1.4510385257913094
33,0.4097468852996826,0.06580924987792969,0.2471875,0.24651170582573187,0.2471875,1.4588242567720773
34,0.3871760368347168,0.06160616874694824,0.2540625,0.25440598377903145,0.2540625,1.4527024824280033
35,0.3906121253967285,0.06014609336853027,0.2465625,0.2457941880589583,0.2465625,1.4664100553419002
36,0.38821887969970703,0.0608210563659668,0.2465625,0.246767301142956,0.2465625,1.4553049968798495
37,0.391481876373291,0.06299495697021484,0.2453125,0.24293349719724916,0.2453125,1.4501599398205758
38,0.39568281173706055,0.060253143310546875,0.2446875,0.2459818549881022,0.2446875,1.4695857826179677
39,0.3907289505004883,0.05990719795227051,0.2475,0.24680794083129,0.2475,1.4639547630575016
40,0.3928840160369873,0.06339502334594727,0.25375,0.25314774543999896,0.25375,1.4475836253526415
41,0.3993222713470459,0.06260395050048828,0.2596875,0.25943304352796326,0.2596875,1.4464380158751209
42,0.39377593994140625,0.0632021427154541,0.2571875,0.25710028403548457,0.2571875,1.4578793859590642
43,0.40986180305480957,0.06351327896118164,0.25125,0.2504542201535304,0.25125,1.45454347694229
44,0.40363407135009766,0.06015181541442871,0.248125,0.24855702305282562,0.248125,1.4583397013604076
45,0.3957087993621826,0.06221485137939453,0.2459375,0.24604201118397165,0.2459375,1.458737731083208
46,0.38720083236694336,0.060578107833862305,0.24125,0.24017413892747372,0.24125,1.459078563729181
47,0.39687395095825195,0.0599980354309082,0.2478125,0.24755900085564508,0.2478125,1.455552948350881
48,0.40420079231262207,0.06502699851989746,0.244375,0.2424599342742691,0.244375,1.4643602774622508
49,0.3953068256378174,0.06249499320983887,0.2371875,0.2338294697461572,0.2371875,1.4609040984598887
50,0.40807294845581055,0.06081104278564453,0.25,0.24836289855420757,0.25,1.4543371728212366
51,0.40775299072265625,0.06087613105773926,0.2503125,0.24858161241949694,0.2503125,1.4613688504329065
52,0.40819573402404785,0.06100606918334961,0.2484375,0.24862862853867804,0.2484375,1.4535261555980759
53,0.4249742031097412,0.06391072273254395,0.2528125,0.25102288033062303,0.2528125,1.4518915431565904
54,0.41217994689941406,0.0668330192565918,0.25375,0.25268949304314964,0.25375,1.459950863839954
55,0.40349507331848145,0.060259103775024414,0.26125,0.2616659857756932,0.26125,1.4449497365727557
56,0.3947269916534424,0.0626211166381836,0.255625,0.2561746789034007,0.255625,1.4552403558451033
57,0.38941001892089844,0.06147265434265137,0.249375,0.25070642010417077,0.249375,1.4622182299512982
58,0.3926699161529541,0.06294417381286621,0.24875,0.24880229815662383,0.24875,1.451275298190319
59,0.39549803733825684,0.06105971336364746,0.2434375,0.24319229539161796,0.2434375,1.4664752631731097
60,0.3886280059814453,0.06105375289916992,0.25625,0.2588049012313892,0.25625,1.4529585969739514
61,0.3947427272796631,0.061856985092163086,0.2459375,0.24395715155422898,0.2459375,1.4620053923351934
62,0.4146549701690674,0.06330704689025879,0.2521875,0.2533181893385722,0.2521875,1.457528145503136
63,0.399381160736084,0.06589794158935547,0.2509375,0.2520964980123077,0.2509375,1.4508869290207513
64,0.3966388702392578,0.06351590156555176,0.245625,0.24446383808992908,0.245625,1.4618142804066392
65,0.39489197731018066,0.061311960220336914,0.2459375,0.24581312234637753,0.2459375,1.4552496085785724
66,0.39216160774230957,0.0608823299407959,0.2353125,0.23519329181134047,0.2353125,1.462261792383257
67,0.40444111824035645,0.0655968189239502,0.2371875,0.23478732768014382,0.2371875,1.466754612447142
68,0.4014616012573242,0.06110525131225586,0.2571875,0.25773512321518177,0.2571875,1.4490494237706606
69,0.41570091247558594,0.06362795829772949,0.250625,0.2510436368954125,0.250625,1.454139096650914
70,0.3961498737335205,0.06265711784362793,0.2540625,0.2550320850000059,0.2540625,1.4513705083325965
71,0.3962430953979492,0.06461477279663086,0.2571875,0.2566471992730245,0.2571875,1.4503087525450309
72,0.42462801933288574,0.06195807456970215,0.25375,0.2519505684667177,0.25375,1.4520164268641929
73,0.39117980003356934,0.060173988342285156,0.25,0.25112830636271855,0.25,1.4492480385060929
74,0.3922560214996338,0.062223196029663086,0.2453125,0.24335908579869195,0.2453125,1.460458195313662
75,0.38487982749938965,0.061125993728637695,0.23875,0.23909888041524588,0.23875,1.472817236512434
76,0.39759087562561035,0.06168031692504883,0.246875,0.24683829155465703,0.246875,1.454300977391923
77,0.3898487091064453,0.062052249908447266,0.2421875,0.24012321594685296,0.2421875,1.4620137951316026
78,0.39073777198791504,0.062125205993652344,0.2584375,0.25834283103717826,0.2584375,1.4503119402158484
79,0.39652085304260254,0.0607759952545166,0.245625,0.24639419330371773,0.245625,1.449727469226754
80,0.3930778503417969,0.06119489669799805,0.2584375,0.2612938692054553,0.2584375,1.4443295467860782
81,0.3848843574523926,0.0628809928894043,0.2521875,0.2520770760235914,0.2521875,1.453970044593316
82,0.3941988945007324,0.06206226348876953,0.25,0.24977375731453602,0.25,1.4606029229336632
83,0.38710594177246094,0.061736106872558594,0.2403125,0.24001513964640261,0.2403125,1.4525758953512145
84,0.3890390396118164,0.05965018272399902,0.23375,0.23282485388274565,0.23375,1.4725180389092367
85,0.39031124114990234,0.06296682357788086,0.24,0.24096910757425133,0.24,1.4706142915495297
86,0.41430020332336426,0.07326078414916992,0.25625,0.25685942158669084,0.25625,1.4490618309070893
87,0.40013885498046875,0.059882164001464844,0.2409375,0.24155553311851027,0.2409375,1.4499254375156925
88,0.3920130729675293,0.06113886833190918,0.2515625,0.25142268590386835,0.2515625,1.463298029110631
89,0.4541802406311035,0.06788301467895508,0.249375,0.24957161158753507,0.249375,1.4569099721065732
90,0.40036606788635254,0.06660795211791992,0.2484375,0.2496587080880018,0.2484375,1.4700522558898117
91,0.40233492851257324,0.06313514709472656,0.245625,0.24645800095970372,0.245625,1.4527352355286507
92,0.39301013946533203,0.06036996841430664,0.263125,0.26299698764479307,0.263125,1.4439029466497464
93,0.3969740867614746,0.06599187850952148,0.245625,0.2467645851740922,0.245625,1.4634943552290958
94,0.41024112701416016,0.06212186813354492,0.2509375,0.2509831571654187,0.2509375,1.4464734825080439
95,0.40672898292541504,0.06322288513183594,0.24875,0.24892031549977237,0.24875,1.4504153945062876
96,0.3918271064758301,0.0599970817565918,0.2625,0.2612463979464603,0.2625,1.4441719059121692
97,0.39478302001953125,0.06415319442749023,0.2521875,0.2503550107611299,0.2521875,1.45079789300361
98,0.4018669128417969,0.061254024505615234,0.24375,0.24401179003600487,0.24375,1.4583502504669084
99,0.39731693267822266,0.0611119270324707,0.2415625,0.2409874881989836,0.2415625,1.4672002797411543
100,0.3956906795501709,0.06333112716674805,0.24375,0.24366528067425164,0.24375,1.447988199607997
101,0.40076613426208496,0.06325387954711914,0.2421875,0.24307101250087043,0.2421875,1.4522210710697872
102,0.3948051929473877,0.06227874755859375,0.25375,0.25301128760174363,0.25375,1.45622821782868
103,0.38835787773132324,0.06179404258728027,0.2578125,0.258634247188382,0.2578125,1.4484633487516647
104,0.3981819152832031,0.06271791458129883,0.23625,0.23750861879059756,0.23625,1.4581700936238207
105,0.39617300033569336,0.060366153717041016,0.244375,0.24488667721691867,0.244375,1.4657220860114308
106,0.397676944732666,0.06210684776306152,0.2440625,0.2455686944369517,0.2440625,1.4591006101560533
107,0.393817663192749,0.06376338005065918,0.2559375,0.2547031597583367,0.2559375,1.449761413226596
108,0.39873194694519043,0.06355094909667969,0.245,0.24394071242821216,0.245,1.456192052821658
109,0.3974628448486328,0.0634911060333252,0.2525,0.2500966498974417,0.2525,1.4621117607771732
110,0.40394115447998047,0.0610198974609375,0.251875,0.25181161814694747,0.251875,1.4495921301823864
111,0.3927769660949707,0.061083078384399414,0.256875,0.25517103857861156,0.256875,1.455626609818932
112,0.3934133052825928,0.05960392951965332,0.2471875,0.24751868224387508,0.2471875,1.4535502378553498
113,0.38500189781188965,0.06005716323852539,0.254375,0.25561099837355117,0.254375,1.4574306304031615
114,0.3883829116821289,0.06104016304016113,0.2409375,0.2407456060070971,0.2409375,1.4634674114264903
115,0.3887138366699219,0.06010913848876953,0.24625,0.2448705217437695,0.24625,1.4551616687057791
116,0.39860105514526367,0.06157088279724121,0.243125,0.2448215479429557,0.243125,1.463580496780181
117,0.3882267475128174,0.061730146408081055,0.25375,0.2533843144223818,0.25375,1.4513353551960153
118,0.3887138366699219,0.060816049575805664,0.2475,0.248876661725369,0.2475,1.4570521432034949
119,0.3912487030029297,0.06235027313232422,0.23625,0.2338267706677939,0.23625,1.46243016869613
120,0.3863050937652588,0.06148409843444824,0.2428125,0.2459906371684722,0.2428125,1.4615082634413694
121,0.39081621170043945,0.061264753341674805,0.2571875,0.25771133479981273,0.2571875,1.446251808987639
122,0.3840792179107666,0.060739994049072266,0.2365625,0.2353940668343145,0.2365625,1.4736935459652603
123,0.38747310638427734,0.0604550838470459,0.2578125,0.2567381842609587,0.2578125,1.4561174449387215
124,0.3825531005859375,0.060446977615356445,0.2421875,0.24210661206560016,0.2421875,1.4734949508019108
125,0.39404797554016113,0.062476158142089844,0.2409375,0.24182098554986958,0.2409375,1.456562656840768
126,0.39694714546203613,0.06068682670593262,0.2446875,0.2428801051181232,0.2446875,1.4585778883729636
127,0.3897368907928467,0.0603640079498291,0.25625,0.2541735274024309,0.25625,1.4488542253744732
128,0.3880949020385742,0.06055307388305664,0.2490625,0.24945567342028596,0.2490625,1.4617668862045219
129,0.3911299705505371,0.05967998504638672,0.2475,0.248150003908658,0.2475,1.4564406007302244
130,0.41111230850219727,0.06268191337585449,0.2503125,0.2505922633821275,0.2503125,1.4599882412515117
131,0.3912012577056885,0.060289859771728516,0.24625,0.2446396081138449,0.24625,1.4539609018501496
132,0.38434886932373047,0.06241297721862793,0.2509375,0.24923629791855917,0.2509375,1.4545119205042492
133,0.38373470306396484,0.06046009063720703,0.266875,0.2670260197975732,0.266875,1.4402756528287433
134,0.3874650001525879,0.06239724159240723,0.2471875,0.24828853200194737,0.2471875,1.4507629391785257
135,0.3819868564605713,0.060273170471191406,0.2484375,0.24830504257436317,0.2484375,1.4616061389094797
136,0.3830282688140869,0.06152510643005371,0.2478125,0.24691113712971446,0.2478125,1.460232498496557
137,0.38382911682128906,0.060492753982543945,0.2396875,0.2418874312114123,0.2396875,1.4642661435927993
138,0.3924522399902344,0.06241297721862793,0.248125,0.2474340770205483,0.248125,1.4651181595349394
139,0.3904280662536621,0.0603337287902832,0.2459375,0.24405063906636065,0.2459375,1.4530496575184628
140,0.38993191719055176,0.05951499938964844,0.258125,0.2562940453668598,0.258125,1.4551831690644783
141,0.38726282119750977,0.061475276947021484,0.2565625,0.2556941715179433,0.2565625,1.4463201727568713
142,0.3838977813720703,0.06140017509460449,0.2571875,0.2581505185196693,0.2571875,1.4398011725227178
143,0.3886449337005615,0.06187009811401367,0.245625,0.24540612205390552,0.245625,1.4633180801715258
144,0.3910179138183594,0.05975985527038574,0.2478125,0.24789674540825743,0.2478125,1.4723225668453137
145,0.3888421058654785,0.06097292900085449,0.24,0.2401061487770692,0.24,1.4670572686744259
146,0.3868520259857178,0.05983090400695801,0.25375,0.25341220778411605,0.25375,1.455246329547284
147,0.39159226417541504,0.059762001037597656,0.2553125,0.255548188850949,0.2553125,1.4504015006377506
148,0.3864908218383789,0.05946493148803711,0.2521875,0.25040959338866864,0.2521875,1.4567092289597285
149,0.38457298278808594,0.06063103675842285,0.2415625,0.24291518384917896,0.2415625,1.462660664881685
150,0.39009523391723633,0.05986499786376953,0.2434375,0.24665365553996746,0.2434375,1.4597614419414269
151,0.4117918014526367,0.06360220909118652,0.2603125,0.26310304504427023,0.2603125,1.4472269448567057
152,0.40732288360595703,0.061361074447631836,0.2615625,0.2612165009000029,0.2615625,1.4511362041686824
153,0.3952310085296631,0.06062936782836914,0.25,0.2498054337758338,0.25,1.456191702935911
154,0.39745306968688965,0.0633852481842041,0.238125,0.23807007192672333,0.238125,1.4572063807579112
155,0.4026470184326172,0.061264991760253906,0.2496875,0.24819280087795384,0.2496875,1.4647416286250012
156,0.38583803176879883,0.06219983100891113,0.2475,0.24766933419224837,0.2475,1.4507018427357397
157,0.4007861614227295,0.06025290489196777,0.2475,0.24722373013657045,0.2475,1.4589495225110927
158,0.38780999183654785,0.05988788604736328,0.25125,0.25074761863999057,0.25125,1.4629222110158466
159,0.38686609268188477,0.06034708023071289,0.2478125,0.24700009943810103,0.2478125,1.4538513598708653
160,0.3837888240814209,0.061144113540649414,0.245,0.24482858773090996,0.245,1.4696327486638494
161,0.3832390308380127,0.05988812446594238,0.2484375,0.24780323619580746,0.2484375,1.453867209549158
162,0.38689398765563965,0.059841156005859375,0.251875,0.2526776914213451,0.251875,1.4550053676450676
163,0.38578009605407715,0.05969095230102539,0.2565625,0.2569749850799737,0.2565625,1.4585492206054125
164,0.382188081741333,0.06364798545837402,0.2503125,0.2507709706554387,0.2503125,1.4545255184378658
165,0.3822598457336426,0.06113004684448242,0.25125,0.2514875838898219,0.25125,1.4613122122504134
166,0.38510894775390625,0.06237983703613281,0.244375,0.24469576919494196,0.244375,1.4570418208614098
167,0.3840138912200928,0.06047701835632324,0.2515625,0.25036053788116563,0.2515625,1.457439703150999
168,0.38198399543762207,0.06043386459350586,0.259375,0.25809181915214885,0.259375,1.4583306830614549
169,0.3796558380126953,0.060949087142944336,0.248125,0.24883006804663096,0.248125,1.4549379884751676
170,0.38842320442199707,0.0606837272644043,0.245,0.24446058844901292,0.245,1.4544974026140955
171,0.3857429027557373,0.06040811538696289,0.2425,0.2411135431334716,0.2425,1.46888195069887
172,0.3955237865447998,0.05990123748779297,0.2384375,0.23858999746723505,0.2384375,1.4567311363325925
173,0.3892207145690918,0.05965423583984375,0.231875,0.23106445279869628,0.231875,1.4695960826144727
174,0.3925669193267822,0.06080222129821777,0.2565625,0.2550332664261659,0.2565625,1.4538509813177867
175,0.38594794273376465,0.060146331787109375,0.2475,0.24719810493652963,0.2475,1.4640885714868517
176,0.3834238052368164,0.06137704849243164,0.2459375,0.24430577919134158,0.2459375,1.4557426267658948
177,0.3881800174713135,0.0600430965423584,0.2609375,0.26235119019463676,0.2609375,1.4382916803752515
178,0.3914072513580322,0.06173086166381836,0.248125,0.24713036986319514,0.248125,1.4622316828271573
179,0.38482093811035156,0.06037592887878418,0.2496875,0.2515926948713221,0.2496875,1.4502787410363385
180,0.38602495193481445,0.06054997444152832,0.2490625,0.24645562371590907,0.2490625,1.4484076701322603
181,0.38793015480041504,0.061379194259643555,0.2421875,0.24214384992909305,0.2421875,1.4595597320326332
182,0.3888239860534668,0.06098198890686035,0.239375,0.2385907419939391,0.239375,1.4625335989287578
183,0.3975989818572998,0.06043195724487305,0.2359375,0.23486922763119777,0.2359375,1.4711456605341795
184,0.3882019519805908,0.06230902671813965,0.255,0.25459414727522767,0.255,1.452666863948855
185,0.3968188762664795,0.06595611572265625,0.251875,0.2532311923401493,0.251875,1.4503120974378776
186,0.39121222496032715,0.061821937561035156,0.256875,0.2565618949561547,0.256875,1.4600375535792205
187,0.39376401901245117,0.06123018264770508,0.246875,0.24690996570766924,0.246875,1.461707442121248
188,0.39740490913391113,0.06304121017456055,0.2459375,0.24589491985159104,0.2459375,1.4601433002448951
189,0.3862149715423584,0.0634012222290039,0.25,0.2491025361255033,0.25,1.4517271393615578
190,0.39716100692749023,0.06262898445129395,0.2496875,0.24883132791086318,0.2496875,1.4600442154280528
191,0.3934171199798584,0.06090188026428223,0.2384375,0.2381066264756759,0.2384375,1.4618327509886755
192,0.39577484130859375,0.0721893310546875,0.2375,0.235963357348465,0.2375,1.4651818426684236
193,0.3961637020111084,0.06352519989013672,0.2459375,0.24514474482874576,0.2459375,1.4625993785487612
194,0.39655184745788574,0.06112098693847656,0.250625,0.25106980106654553,0.250625,1.4487428368426674
195,0.39108800888061523,0.06029105186462402,0.2571875,0.25709874346333705,0.2571875,1.4575791958455733
196,0.3840041160583496,0.06097602844238281,0.2484375,0.24656566738527502,0.2484375,1.4485948973081617
197,0.38828206062316895,0.06155800819396973,0.2490625,0.24632593227843638,0.2490625,1.443794095646327
198,0.38776302337646484,0.061025142669677734,0.2496875,0.24999110254749732,0.2496875,1.45990019351491
199,0.3839130401611328,0.06026601791381836,0.2559375,0.2552514907201957,0.2559375,1.4503240079123791
200,0.3968071937561035,0.0631718635559082,0.2465625,0.24610974341397707,0.2465625,1.4649409569094936
201,0.3902018070220947,0.06567597389221191,0.2546875,0.25196477697306596,0.2546875,1.4562158920721158
202,0.3934459686279297,0.0620729923248291,0.2528125,0.253376836609686,0.2528125,1.4624984015797033
203,0.3974802494049072,0.060759782791137695,0.25625,0.25591436983196253,0.25625,1.448233167569104
204,0.3954288959503174,0.0626518726348877,0.239375,0.23939745286930364,0.239375,1.4666865284293835
205,0.3974580764770508,0.06334590911865234,0.2559375,0.25631597947183654,0.2559375,1.4516927879346093
206,0.38764095306396484,0.06112504005432129,0.25125,0.2514432609532451,0.25125,1.454186761310344
207,0.3890042304992676,0.06459689140319824,0.2425,0.24225254579608646,0.2425,1.4593281156905826
208,0.39124202728271484,0.05959796905517578,0.249375,0.2500719385853555,0.249375,1.454925371014234
209,0.3898789882659912,0.0605161190032959,0.2425,0.24165060475268632,0.2425,1.4699437637320023
210,0.39150214195251465,0.062046051025390625,0.2453125,0.2454978135877372,0.2453125,1.46903132328171
211,0.39344000816345215,0.060704946517944336,0.259375,0.2567284110970044,0.259375,1.4385414308557558
212,0.39472389221191406,0.06101512908935547,0.24625,0.24756458863373076,0.24625,1.453759738063176
213,0.39249706268310547,0.06211996078491211,0.24375,0.242938951351367,0.24375,1.4607607906539208
214,0.3946959972381592,0.06379914283752441,0.25125,0.24998469532872694,0.25125,1.459015465962291
215,0.39370107650756836,0.06153416633605957,0.240625,0.23943325835989604,0.240625,1.4634388291495875
216,0.39125895500183105,0.0628657341003418,0.248125,0.2489951373457552,0.248125,1.4538989131815314
217,0.3914377689361572,0.061135053634643555,0.2453125,0.24572310577671289,0.2453125,1.4585269275967812
218,0.3912546634674072,0.062180280685424805,0.2425,0.2425529647007297,0.2425,1.4612008685259783
219,0.40030407905578613,0.060208797454833984,0.2571875,0.2543129869031925,0.2571875,1.4493364193942382
220,0.40598607063293457,0.0606999397277832,0.2503125,0.25004939118016595,0.2503125,1.456195844613199
221,0.39650511741638184,0.06003689765930176,0.2496875,0.24905795952516926,0.2496875,1.4563681333696672
222,0.39900803565979004,0.06350278854370117,0.241875,0.24134040745282268,0.241875,1.4674226563397041
223,0.3970069885253906,0.05965399742126465,0.24375,0.24164382556333094,0.24375,1.4611183974943356
224,0.3890261650085449,0.06041383743286133,0.255,0.25453212958608595,0.255,1.4486914659574586
225,0.4110391139984131,0.061758995056152344,0.25625,0.2573050436440984,0.25625,1.4552228930033988
226,0.40213584899902344,0.06310319900512695,0.2525,0.25128680702419326,0.2525,1.4536627184140611
227,0.3928952217102051,0.06476974487304688,0.2584375,0.25919301373998366,0.2584375,1.4455998354011854
228,0.38663721084594727,0.06285905838012695,0.2553125,0.25542478517357226,0.2553125,1.45179549766417
229,0.38988399505615234,0.06010317802429199,0.23125,0.23100292883780318,0.23125,1.459013438820849
230,0.3927586078643799,0.06043124198913574,0.258125,0.25657222926845624,0.258125,1.455866532517435
231,0.3885061740875244,0.0598757266998291,0.25625,0.2590486776658659,0.25625,1.4602660621113024
232,0.3835451602935791,0.06111788749694824,0.2525,0.25228070552298865,0.2525,1.4528743464995906
233,0.39211082458496094,0.06039118766784668,0.251875,0.2508784234151284,0.251875,1.4548392124831315
234,0.39191508293151855,0.060402870178222656,0.251875,0.2520883583815891,0.251875,1.4471307103909223
235,0.3878028392791748,0.0626671314239502,0.248125,0.2465687614320664,0.248125,1.4490307610813296
236,0.39136290550231934,0.059664011001586914,0.2521875,0.2528429925639972,0.2521875,1.455478776859505
237,0.3903632164001465,0.06281280517578125,0.2334375,0.2326053313411686,0.2334375,1.4687848835875703
238,0.38465309143066406,0.0608220100402832,0.245625,0.2451993425353192,0.245625,1.4580558358839095
239,0.4028918743133545,0.06261897087097168,0.24125,0.23995215046600332,0.24125,1.4633736479435964
240,0.40288591384887695,0.06658506393432617,0.2328125,0.23361806628020199,0.2328125,1.4672037459505622
241,0.3897409439086914,0.06569719314575195,0.25125,0.2504697974398906,0.25125,1.44080943624778
242,0.3925750255584717,0.06424283981323242,0.2409375,0.23853544820745334,0.2409375,1.4698067310303389
243,0.3938431739807129,0.06536388397216797,0.2534375,0.2543068785808634,0.2534375,1.4506272252128258
244,0.40235304832458496,0.06115293502807617,0.25875,0.2602074245233366,0.25875,1.4518952346461917
245,0.3917701244354248,0.060890913009643555,0.25125,0.25006300337297205,0.25125,1.456261548323323
246,0.40094494819641113,0.06032705307006836,0.2628125,0.26257313608964256,0.2628125,1.4519908949521905
247,0.42995667457580566,0.0654001235961914,0.2490625,0.24807463341730823,0.2490625,1.4500551471715146
248,0.40081095695495605,0.06543612480163574,0.258125,0.255872507257851,0.258125,1.451813898614099
249,0.3976161479949951,0.062487125396728516,0.2440625,0.24346989050401546,0.2440625,1.4673695795665906
250,0.40413737297058105,0.062155723571777344,0.2440625,0.24373565059984587,0.2440625,1.469532323097053
251,0.3980870246887207,0.060176849365234375,0.26,0.2592104762348974,0.26,1.4525164035323133
252,0.4111337661743164,0.06394314765930176,0.26375,0.2652079015578589,0.26375,1.4344472299742608
253,0.39308691024780273,0.06125307083129883,0.248125,0.2493651099306204,0.248125,1.4555298722660512
254,0.4046597480773926,0.06357622146606445,0.248125,0.2454581960903791,0.248125,1.475188648563881
255,0.3915419578552246,0.06003999710083008,0.24375,0.24448283776672577,0.24375,1.4571010480583164
256,0.3963959217071533,0.06210517883300781,0.24375,0.24374902913198665,0.24375,1.4606716541030038
257,0.3984529972076416,0.06666707992553711,0.2546875,0.25347444118171353,0.2546875,1.453185352561984
258,0.39196181297302246,0.06231498718261719,0.2553125,0.2549579096452867,0.2553125,1.45427818631378
259,0.39585113525390625,0.061422109603881836,0.251875,0.2512033068678722,0.251875,1.4513260904722722
260,0.41103506088256836,0.06763386726379395,0.2540625,0.2545559298663598,0.2540625,1.4597953674951345
261,0.41609811782836914,0.0606229305267334,0.25375,0.25330698575443983,0.25375,1.457152370716014
262,0.39319562911987305,0.06261920928955078,0.2496875,0.2474301901006312,0.2496875,1.4515961331446132
263,0.44814229011535645,0.0717611312866211,0.2490625,0.25086545526145726,0.2490625,1.4595427029774266
264,0.39980602264404297,0.06119513511657715,0.241875,0.24326918340893616,0.241875,1.469008317915953
265,0.40547895431518555,0.06187915802001953,0.24125,0.24068218538920685,0.24125,1.4548690043717267
266,0.39867115020751953,0.060318946838378906,0.24875,0.24901104928622586,0.24875,1.4455215773525874
267,0.41513514518737793,0.06211566925048828,0.2503125,0.2499066249351418,0.2503125,1.452088457131039
268,0.40108323097229004,0.06117391586303711,0.2465625,0.2440914057822807,0.2465625,1.4583718586811187
269,0.4026970863342285,0.06250309944152832,0.2446875,0.24433291321735987,0.2446875,1.4579389260310143
270,0.40021491050720215,0.06293201446533203,0.248125,0.24903847554519332,0.248125,1.4522256686680897
271,0.4247870445251465,0.06634068489074707,0.251875,0.2522952149616247,0.251875,1.4590036664419577
272,0.3940408229827881,0.06511521339416504,0.2621875,0.2621366468476268,0.2621875,1.449222275063426
273,0.39554786682128906,0.07068610191345215,0.2425,0.24231278995444339,0.2425,1.462439865443365
274,0.406170129776001,0.06676673889160156,0.2540625,0.2541295104945573,0.2540625,1.4516724441086444
275,0.40428996086120605,0.06670999526977539,0.2409375,0.23953231099854314,0.2409375,1.4482855682625533
276,0.40670204162597656,0.06601595878601074,0.235625,0.23374298917063954,0.235625,1.4567051798913662
277,0.3950331211090088,0.0682060718536377,0.2371875,0.23579144317768408,0.2371875,1.467159634572692
278,0.40114927291870117,0.061949968338012695,0.24375,0.24457928376529942,0.24375,1.4737437574180245
279,0.40224504470825195,0.0612177848815918,0.2515625,0.25092635204815844,0.2515625,1.4560977567671392
280,0.401486873626709,0.06238102912902832,0.25375,0.25496292124617853,0.25375,1.4456314975757356
281,0.39423203468322754,0.06375384330749512,0.2565625,0.2585113008602946,0.2565625,1.464020573298217
282,0.39314699172973633,0.06015300750732422,0.2559375,0.25498136262177135,0.2559375,1.451610914017852
283,0.38551926612854004,0.05932211875915527,0.245,0.2451544613435006,0.245,1.4606603618833116
284,0.38800692558288574,0.05976390838623047,0.241875,0.2425061310070597,0.241875,1.455044611910163
285,0.38453102111816406,0.060881853103637695,0.2478125,0.24719331213274814,0.2478125,1.4548124868721022
286,0.38289570808410645,0.06087017059326172,0.2334375,0.23308128585569762,0.2334375,1.4684120712798148
287,0.38867998123168945,0.06064105033874512,0.248125,0.24639377393048284,0.248125,1.4549542870625527
288,0.3839280605316162,0.08026504516601562,0.2459375,0.24644746011229327,0.2459375,1.4649309495706389
289,0.395366907119751,0.0597381591796875,0.244375,0.24321269410633733,0.244375,1.4518138970440466
290,0.39484310150146484,0.062226057052612305,0.244375,0.24292745372248276,0.244375,1.4581219164240429
291,0.39382386207580566,0.06197619438171387,0.243125,0.24293701957643052,0.243125,1.4708714618534293
292,0.3974337577819824,0.060540199279785156,0.2525,0.2531013229953838,0.2525,1.454179539352573
293,0.38973379135131836,0.06072115898132324,0.2540625,0.2528943758000121,0.2540625,1.4516662258751265
294,0.38930201530456543,0.062162160873413086,0.2475,0.24671799392908533,0.2475,1.4545885794039413
295,0.38979077339172363,0.06184816360473633,0.25125,0.2509137765776035,0.25125,1.455969203220578
296,0.40151190757751465,0.06241893768310547,0.24625,0.2470258034104269,0.24625,1.4571011965960166
297,0.3944966793060303,0.06135225296020508,0.2484375,0.24874044659780278,0.2484375,1.4571699999513956
298,0.3978250026702881,0.061689138412475586,0.2428125,0.24220891793499114,0.2428125,1.4532049107434353
299,0.3980848789215088,0.06057119369506836,0.2575,0.2560345423247108,0.2575,1.447702087372819
300,0.40210700035095215,0.06032204627990723,0.245,0.24364658058146674,0.245,1.4445360972048622
301,0.3893260955810547,0.06257987022399902,0.24375,0.24349192889623375,0.24375,1.4532025177691752
302,0.39516425132751465,0.062219858169555664,0.241875,0.24157726101517313,0.241875,1.4646662432285626
303,0.39520907402038574,0.06408381462097168,0.2534375,0.2532773457352368,0.2534375,1.467754543579041
304,0.39979004859924316,0.06344294548034668,0.2453125,0.24370216781308343,0.2453125,1.4654709472768546
305,0.41971373558044434,0.06020927429199219,0.2509375,0.25027254592036585,0.2509375,1.4548682062308023
306,0.3944237232208252,0.060781240463256836,0.2371875,0.23623197939986448,0.2371875,1.4623545298774772
307,0.38870787620544434,0.060513973236083984,0.2475,0.24547124690011793,0.2475,1.452696791080602
308,0.3923518657684326,0.06252813339233398,0.261875,0.2620975650038577,0.261875,1.4467025251243235
309,0.40453004837036133,0.061324119567871094,0.246875,0.24803910216646385,0.246875,1.4633135381160076
310,0.39673590660095215,0.06325101852416992,0.2459375,0.2464086621859224,0.2459375,1.4546901767076028
311,0.4008979797363281,0.060317039489746094,0.240625,0.23993741640175054,0.240625,1.4501826887864167
312,0.38680100440979004,0.062470197677612305,0.256875,0.2582998101259291,0.256875,1.4523476587072686
313,0.396939754486084,0.06088113784790039,0.26,0.2584319777461384,0.26,1.4397346365088475
314,0.3905222415924072,0.06182098388671875,0.2453125,0.2460872756870286,0.2453125,1.4620172610440536
315,0.39208030700683594,0.0662069320678711,0.2415625,0.24179936472217686,0.2415625,1.4689265374302796
316,0.388796329498291,0.062052011489868164,0.2440625,0.24299705783750855,0.2440625,1.448164220246307
317,0.3954732418060303,0.06121397018432617,0.2440625,0.2444238793522713,0.2440625,1.4688884686141859
318,0.38699793815612793,0.05947113037109375,0.2459375,0.24536143654488504,0.2459375,1.4543069214498427
319,0.39214110374450684,0.05988287925720215,0.2384375,0.23729597121252038,0.2384375,1.461550054269528
320,0.39235615730285645,0.06197690963745117,0.2403125,0.23992288858137958,0.2403125,1.464250898819002
321,0.39261960983276367,0.06509017944335938,0.2575,0.257980278079773,0.2575,1.4515291066625844
322,0.40200090408325195,0.0632021427154541,0.2596875,0.2601404489037072,0.2596875,1.4440032049260378
323,0.400393009185791,0.06326794624328613,0.2459375,0.24721081163097758,0.2459375,1.4604940145400882
324,0.3907899856567383,0.06257772445678711,0.24125,0.2417239206461149,0.24125,1.4588062513172528
325,0.38869667053222656,0.06261706352233887,0.2559375,0.2541167676001971,0.2559375,1.449194973233703
326,0.39731287956237793,0.061411142349243164,0.2440625,0.24421376370732426,0.2440625,1.4702272631801625
327,0.3924877643585205,0.06188607215881348,0.245625,0.24560293005941766,0.245625,1.4569862985382076
328,0.39296483993530273,0.060862064361572266,0.259375,0.2584123394262559,0.259375,1.448783138666609
329,0.38670992851257324,0.060328006744384766,0.251875,0.2509711443615087,0.251875,1.4531023246292438
330,0.3925449848175049,0.06354689598083496,0.2628125,0.26159353920949735,0.2628125,1.4468855598405173
331,0.3968691825866699,0.06016802787780762,0.245,0.24650512590390675,0.245,1.4630602679575497
332,0.3941800594329834,0.060259103775024414,0.2578125,0.2599123254734087,0.2578125,1.4582834491978078
333,0.38709497451782227,0.060793161392211914,0.2440625,0.24299327897631934,0.2440625,1.4518491793168353
334,0.3925209045410156,0.06345319747924805,0.238125,0.23833746722502874,0.238125,1.4638541161058263
335,0.39330220222473145,0.06244182586669922,0.2496875,0.24775290593484,0.2496875,1.464758957150712
336,0.38866472244262695,0.06056714057922363,0.2428125,0.24158524021352182,0.2428125,1.461644887740327
337,0.3863086700439453,0.06017899513244629,0.251875,0.25115944494153825,0.251875,1.4540110209919133
338,0.3834090232849121,0.059660911560058594,0.25875,0.2580664538081655,0.25875,1.4468781674091429
339,0.38610410690307617,0.05980801582336426,0.2428125,0.2425079882320276,0.2428125,1.4577066164258587
340,0.3931708335876465,0.06100916862487793,0.245625,0.24508876330070223,0.245625,1.4771086455499358
341,0.3899710178375244,0.06274795532226562,0.2590625,0.2585858873767222,0.2590625,1.445255259674805
342,0.38631105422973633,0.0635991096496582,0.2503125,0.2504578728724692,0.2503125,1.456759602253856
343,0.39824724197387695,0.061148881912231445,0.258125,0.25892573521735235,0.258125,1.4424788553068422
344,0.39264774322509766,0.06168198585510254,0.244375,0.24365647104500782,0.244375,1.448115512045643
345,0.3879358768463135,0.06001400947570801,0.246875,0.24536239932317866,0.246875,1.4547045649810582
346,0.3860440254211426,0.06060600280761719,0.2359375,0.23419436414783718,0.2359375,1.4692880766007153
347,0.40058398246765137,0.06106400489807129,0.2465625,0.24686149518821307,0.2465625,1.4631575859609312
348,0.42049598693847656,0.06265592575073242,0.2534375,0.25191644978666655,0.2534375,1.4508175448316265
349,0.40802001953125,0.06619906425476074,0.2490625,0.2470893033053584,0.2490625,1.4581783313572116
350,0.41311097145080566,0.06148934364318848,0.255625,0.25495696629700165,0.255625,1.4499862206307932
351,0.3918418884277344,0.061331987380981445,0.253125,0.25469718325294677,0.253125,1.4514168169209005
352,0.38744330406188965,0.059866905212402344,0.243125,0.243295235978207,0.243125,1.4624048375374414
353,0.3851339817047119,0.0604710578918457,0.256875,0.25450270155429616,0.256875,1.4532386334679392
354,0.3860816955566406,0.06312417984008789,0.24875,0.2492219382735768,0.24875,1.4581037165901682
355,0.38998913764953613,0.061383962631225586,0.240625,0.23903626722230123,0.240625,1.4543930160737064
356,0.39871907234191895,0.05987906455993652,0.249375,0.24897994598524,0.249375,1.4495768560095355
357,0.38764095306396484,0.060320138931274414,0.2459375,0.2464832132204783,0.2459375,1.4489941491938232
358,0.3879261016845703,0.061662912368774414,0.250625,0.24879507763624903,0.250625,1.4542332248995768
359,0.38503003120422363,0.06232810020446777,0.2540625,0.25322873015102765,0.2540625,1.4622232820788492
360,0.3955421447753906,0.06324911117553711,0.2446875,0.244298437254156,0.2446875,1.4630451174069716
361,0.3934452533721924,0.05995988845825195,0.264375,0.2627818747026341,0.264375,1.4418716191869594
362,0.3962390422821045,0.06039094924926758,0.24125,0.2422238558276335,0.24125,1.469958422736538
363,0.4057798385620117,0.06718111038208008,0.23875,0.23923029733363982,0.23875,1.461856441323541
364,0.41947412490844727,0.06200385093688965,0.255625,0.255349970854369,0.255625,1.4506920503169345
365,0.39219188690185547,0.060292959213256836,0.264375,0.2645686458959804,0.264375,1.4598076904367354
366,0.3893110752105713,0.06087493896484375,0.2534375,0.2526452217921453,0.2534375,1.4574654532681235
367,0.3831202983856201,0.06137871742248535,0.23875,0.2384846133830861,0.23875,1.458217194780401
368,0.382565975189209,0.06163501739501953,0.2503125,0.2505228684437981,0.2503125,1.4455349468680874
369,0.3892660140991211,0.06180119514465332,0.258125,0.2589356501289022,0.258125,1.4544035932988604
370,0.390887975692749,0.060056209564208984,0.239375,0.23891848328165924,0.239375,1.4608718390998745
371,0.3842289447784424,0.060604095458984375,0.25125,0.2530117775330611,0.25125,1.4565328539739164
372,0.38479089736938477,0.060497283935546875,0.2465625,0.24608215686804896,0.2465625,1.4547251173051785
373,0.381148099899292,0.060129642486572266,0.2484375,0.24711952115082844,0.2484375,1.456118184153437
374,0.3830099105834961,0.06077098846435547,0.2425,0.24262340470113058,0.2425,1.4708850761549956
375,0.38755083084106445,0.06164884567260742,0.2484375,0.24950299643676954,0.2484375,1.4568139056267708
376,0.3862142562866211,0.062233686447143555,0.244375,0.24435899952431803,0.244375,1.4482152896871465
377,0.3953371047973633,0.06288290023803711,0.2553125,0.2551578951158192,0.2553125,1.4528372795409419
378,0.3928980827331543,0.06151390075683594,0.250625,0.2504769885057684,0.250625,1.448067103485943
379,0.38370680809020996,0.06188011169433594,0.2503125,0.2518096210869911,0.2503125,1.4541395537800539
380,0.4064030647277832,0.061104774475097656,0.2490625,0.25015749881304034,0.2490625,1.4552264964761343
381,0.4061777591705322,0.06415414810180664,0.24125,0.24119277124714966,0.24125,1.4631448154576248
382,0.39491915702819824,0.0598909854888916,0.26,0.25972670483895577,0.26,1.4446485075539461
383,0.4000530242919922,0.062196969985961914,0.243125,0.24220180694777413,0.243125,1.4597802800973358
384,0.3911092281341553,0.06180882453918457,0.239375,0.23969052880670558,0.239375,1.4585480526486936
385,0.39042186737060547,0.06263923645019531,0.24625,0.24794753402216016,0.24625,1.4595966694449551
386,0.3876168727874756,0.060769081115722656,0.249375,0.24952686137145655,0.249375,1.4646020537584645
387,0.39815688133239746,0.06158709526062012,0.2471875,0.24528201207310135,0.2471875,1.4582923747737764
388,0.3894040584564209,0.0733640193939209,0.2534375,0.2542162449779483,0.2534375,1.4604415567913371
389,0.416445255279541,0.06214189529418945,0.2546875,0.25190337527499973,0.2546875,1.452151049997197
390,0.39222121238708496,0.06106066703796387,0.24,0.23849744762741662,0.24,1.4594193579641506
391,0.38800716400146484,0.06244373321533203,0.2446875,0.24430759904655616,0.2446875,1.4569061044066245
392,0.3923051357269287,0.06222796440124512,0.248125,0.2494235426156483,0.248125,1.4580147208342031
393,0.3970150947570801,0.061808109283447266,0.235,0.23541522218418018,0.235,1.4622286060264273
394,0.3893289566040039,0.06274008750915527,0.258125,0.25835263073138953,0.258125,1.4455118316382043
395,0.3947410583496094,0.06332802772521973,0.256875,0.2559706584439583,0.256875,1.4517783938152014
396,0.4049851894378662,0.061125755310058594,0.255625,0.2556292371839946,0.255625,1.4504220325764197
397,0.3829379081726074,0.0600740909576416,0.235,0.23516537036501434,0.235,1.4746111957929144
398,0.40135669708251953,0.062120914459228516,0.2425,0.24168665387747357,0.2425,1.4635086077885913
399,0.3865621089935303,0.06091809272766113,0.254375,0.2550555236407889,0.254375,1.4654380760388839
400,0.38756704330444336,0.05969882011413574,0.2525,0.2524814370936483,0.2525,1.4473235831253635
401,0.38799476623535156,0.05941915512084961,0.2475,0.24715792751047502,0.2475,1.4637377769694124
402,0.39616894721984863,0.06338286399841309,0.25875,0.25773181375073184,0.25875,1.4511805814285197
403,0.394744873046875,0.06435728073120117,0.2425,0.2417615840514251,0.2425,1.4684121819563223
404,0.3902010917663574,0.061747074127197266,0.2571875,0.25685916977366213,0.2571875,1.4538168501881443
405,0.3924229145050049,0.060176849365234375,0.2425,0.24122650501156323,0.2425,1.4703717094264532
406,0.4124879837036133,0.060127973556518555,0.25125,0.24895281947981474,0.25125,1.4555712515582857
407,0.4001457691192627,0.06001114845275879,0.244375,0.24432498843686445,0.244375,1.4564250493243927
408,0.3868429660797119,0.05978512763977051,0.2453125,0.24486187368454998,0.2453125,1.4484774234832156
409,0.38518595695495605,0.05977201461791992,0.245625,0.24593646470733263,0.245625,1.4676273600771301
410,0.3820679187774658,0.05981802940368652,0.24625,0.2458834496089802,0.24625,1.4632246860949032
411,0.39208436012268066,0.06066179275512695,0.2565625,0.2564568926636827,0.2565625,1.4527629894381173
412,0.39592981338500977,0.06167006492614746,0.2496875,0.2478007454797263,0.2496875,1.4619619786403428
413,0.3987998962402344,0.06118917465209961,0.25375,0.25220411269495924,0.25375,1.451063164484114
414,0.39043188095092773,0.06246495246887207,0.2415625,0.2432864767545243,0.2415625,1.4545524418655118
415,0.38962292671203613,0.06267905235290527,0.25,0.2492525971539476,0.25,1.4536126414969122
416,0.39565587043762207,0.06077098846435547,0.24375,0.24333807282399525,0.24375,1.4526337481119833
417,0.3920400142669678,0.0653071403503418,0.2509375,0.2512615163103676,0.2509375,1.4618034093539811
418,0.39226412773132324,0.06054973602294922,0.240625,0.24155199714521075,0.240625,1.457027126464884
419,0.38870716094970703,0.060513973236083984,0.24625,0.2460221375289979,0.24625,1.4632107719947505
420,0.3946847915649414,0.05980324745178223,0.25375,0.2542519672117696,0.25375,1.458818093247895
421,0.38478517532348633,0.06091904640197754,0.2434375,0.2420484683544839,0.2434375,1.466172235428035
422,0.3900949954986572,0.06077909469604492,0.24125,0.24009354036732408,0.24125,1.4570363058957299
423,0.3849060535430908,0.06000828742980957,0.2453125,0.24650413230690646,0.2453125,1.4558959933308762
424,0.383983850479126,0.062135934829711914,0.2471875,0.24713333199319995,0.2471875,1.4529880280741188
425,0.38394808769226074,0.05913805961608887,0.2459375,0.24455592085623798,0.2459375,1.4566709143276921
426,0.3851468563079834,0.061036109924316406,0.251875,0.25202549485650527,0.251875,1.4554991267579616
427,0.38354992866516113,0.06032896041870117,0.2478125,0.2463602849292484,0.2478125,1.4603293418769545
428,0.38286399841308594,0.05996227264404297,0.2615625,0.2590860571570953,0.2615625,1.4543643253505323
429,0.393143892288208,0.06330013275146484,0.24875,0.24802847237948797,0.24875,1.4672797206473747
430,0.38935089111328125,0.06108903884887695,0.2490625,0.24750934829059826,0.2490625,1.4550209713413582
431,0.39755892753601074,0.06073117256164551,0.251875,0.2522613761201151,0.251875,1.4546683744249873
432,0.3961830139160156,0.059944868087768555,0.24625,0.24746857892094115,0.24625,1.463751328980775
433,0.39542508125305176,0.06133389472961426,0.2559375,0.25717134620742294,0.2559375,1.4568604150650948
434,0.407825231552124,0.06100296974182129,0.2590625,0.26003037960962627,0.2590625,1.4567763452031457
435,0.3996317386627197,0.06152009963989258,0.2571875,0.25849657409172433,0.2571875,1.4529231708173875
436,0.39620184898376465,0.06277203559875488,0.250625,0.2495901577813588,0.250625,1.4588513331745911
437,0.3946099281311035,0.06304287910461426,0.253125,0.2536154399249928,0.253125,1.4522412070187891
438,0.3995809555053711,0.06239891052246094,0.2409375,0.24077652759179316,0.2409375,1.4661504002048917
439,0.39314985275268555,0.0716102123260498,0.2465625,0.2452688214470982,0.2465625,1.4543989022136736
440,0.39422106742858887,0.06178689002990723,0.2490625,0.24990164754589675,0.2490625,1.4595436007830438
441,0.3920738697052002,0.061498165130615234,0.255625,0.2557163353698281,0.255625,1.460661994884271
442,0.394183874130249,0.05962395668029785,0.2484375,0.24802581414836364,0.2484375,1.4479262577367877
443,0.3900260925292969,0.05995583534240723,0.25125,0.2510383905500185,0.25125,1.453100452145859
444,0.38963818550109863,0.05968499183654785,0.251875,0.24968314210959927,0.251875,1.4541828137828685
445,0.3888518810272217,0.06459212303161621,0.2478125,0.2507763948976802,0.2478125,1.4575542956035992
446,0.39792799949645996,0.06541609764099121,0.238125,0.23626470023365587,0.238125,1.464183084284503
447,0.3908669948577881,0.06202411651611328,0.251875,0.2519843279336715,0.251875,1.459957859116845
448,0.39136695861816406,0.06006312370300293,0.2503125,0.2508690902148365,0.2503125,1.4543391642300671
449,0.39281606674194336,0.06130194664001465,0.2425,0.24182001180724153,0.2425,1.4646656732177759
450,0.39066195487976074,0.05931711196899414,0.255,0.25337373496938564,0.255,1.4527747819854713
451,0.39720606803894043,0.06097292900085449,0.25125,0.2491531322020426,0.25125,1.453980882939212
452,0.38812708854675293,0.06234407424926758,0.2465625,0.24762913343369347,0.2465625,1.459294741631676
453,0.3811769485473633,0.06067991256713867,0.2434375,0.24401885318649133,0.2434375,1.4522527557936997
454,0.3855559825897217,0.05950593948364258,0.2415625,0.24245453027060537,0.2415625,1.4661262914981383
455,0.384044885635376,0.06089305877685547,0.2303125,0.23129959833527142,0.2303125,1.4597701605123956
456,0.3843960762023926,0.05954790115356445,0.255,0.2537961092895845,0.255,1.4529229822297935
457,0.3841209411621094,0.06068015098571777,0.2478125,0.24612895601104767,0.2478125,1.457762734356033
458,0.38699913024902344,0.060793161392211914,0.24375,0.24230080468370538,0.24375,1.4618363341025609
459,0.38138484954833984,0.06015610694885254,0.2634375,0.2624881422954285,0.2634375,1.4486297995981487
460,0.387134313583374,0.05967903137207031,0.2515625,0.2511535980978688,0.2515625,1.4515928469947605
461,0.39183998107910156,0.06020188331604004,0.235625,0.23691193811403585,0.235625,1.4729502560412913
462,0.3836863040924072,0.05999588966369629,0.244375,0.24459463656460578,0.244375,1.4589557861796003
463,0.3823573589324951,0.062027692794799805,0.2525,0.25226604514903966,0.2525,1.4523095004827866
464,0.3862581253051758,0.06085014343261719,0.2390625,0.23857219401564386,0.2390625,1.4605507973770393
465,0.38376283645629883,0.060140132904052734,0.249375,0.2494775183527821,0.249375,1.4584995340404765
466,0.3879382610321045,0.06030678749084473,0.24125,0.2397292793402717,0.24125,1.4621123976558834
467,0.38181090354919434,0.06055498123168945,0.2365625,0.2340812002091984,0.2365625,1.4553874080236313
468,0.38344717025756836,0.06240415573120117,0.24,0.24069623331479614,0.24,1.4594467905227992
469,0.3936269283294678,0.06231808662414551,0.2565625,0.25640229518326224,0.2565625,1.4541177727575616
470,0.39392805099487305,0.06050705909729004,0.24,0.23914274762508525,0.24,1.4611431509587727
471,0.39244604110717773,0.0629119873046875,0.2578125,0.2586141973694943,0.2578125,1.4631615090040042
472,0.3920459747314453,0.06558394432067871,0.256875,0.25644138185205145,0.256875,1.4472877539376305
473,0.4066460132598877,0.06185173988342285,0.2475,0.24677588193909317,0.2475,1.4588667392372736
474,0.3857309818267822,0.060758113861083984,0.2403125,0.24035620062757637,0.2403125,1.4602663370358595
475,0.38547372817993164,0.06214499473571777,0.2559375,0.2547199041586903,0.2559375,1.4461016382075522
476,0.40262508392333984,0.060797929763793945,0.2503125,0.25106636101612606,0.2503125,1.4550805042347437
477,0.3956921100616455,0.060359954833984375,0.24875,0.2497863671543652,0.24875,1.4637109284834469
478,0.3903379440307617,0.06159186363220215,0.2403125,0.23831295643089517,0.2403125,1.4664860755458033
479,0.3915078639984131,0.0644829273223877,0.255,0.255388378758985,0.255,1.451440564892385
480,0.39220094680786133,0.06184697151184082,0.243125,0.24382472341398004,0.243125,1.46032849152011
481,0.3995492458343506,0.06231284141540527,0.2528125,0.25067429179440237,0.2528125,1.4568622214197608
482,0.39265894889831543,0.06263613700866699,0.24625,0.24496216169032056,0.24625,1.4557691059533007
483,0.4038078784942627,0.06473708152770996,0.238125,0.2386809963317774,0.238125,1.45998571302348
484,0.4022178649902344,0.06290411949157715,0.2571875,0.25729875550654263,0.2571875,1.4503643797073773
485,0.39379096031188965,0.062035322189331055,0.2534375,0.2532202323109836,0.2534375,1.4536911741738285
486,0.39556884765625,0.06150507926940918,0.2478125,0.2486371647117812,0.2478125,1.4589748815950736
487,0.3854391574859619,0.061766862869262695,0.246875,0.2470568491476289,0.246875,1.453227195103828
488,0.39623212814331055,0.061695098876953125,0.26125,0.2606344620194524,0.26125,1.4544411978355125
489,0.39270806312561035,0.06151103973388672,0.239375,0.23868655531957572,0.239375,1.4571925811325424
490,0.39047908782958984,0.060089826583862305,0.2503125,0.2526669956455628,0.2503125,1.4507455440754915
491,0.39823007583618164,0.06077909469604492,0.2540625,0.25455270452878576,0.2540625,1.451515631726827
492,0.4091160297393799,0.06094193458557129,0.2521875,0.25093900368484123,0.2521875,1.4539566718890011
493,0.39137792587280273,0.06300806999206543,0.2453125,0.24371516700275592,0.2453125,1.4610532301343395
494,0.39072108268737793,0.06097292900085449,0.235625,0.23526551526748996,0.235625,1.456124368531632
495,0.39137983322143555,0.06207418441772461,0.2328125,0.2323974995888481,0.2328125,1.4773509695417963
496,0.3931388854980469,0.0621190071105957,0.2496875,0.24748810605448995,0.2496875,1.4598436776603603
497,0.3988192081451416,0.060211896896362305,0.243125,0.24355378920871334,0.243125,1.46094306247746
498,0.38744592666625977,0.05963897705078125,0.2515625,0.25005183753043786,0.2515625,1.4507558673380803
499,0.38961291313171387,0.0602269172668457,0.259375,0.2602291456284248,0.259375,1.4405313258046308
500,0.3918759822845459,0.06833314895629883,0.25,0.2495977354476827,0.25,1.457412352757975
501,0.4093339443206787,0.06196308135986328,0.265625,0.2671472485828121,0.265625,1.4334597647505851
502,0.38930583000183105,0.062188148498535156,0.2459375,0.2438682899803173,0.2459375,1.4575571353573615
503,0.4006788730621338,0.061456918716430664,0.244375,0.24258194378741677,0.244375,1.4513516636492216
504,0.38764095306396484,0.06176590919494629,0.2396875,0.23962669898820224,0.2396875,1.4580443075716454
505,0.4021446704864502,0.0641322135925293,0.238125,0.2380840078828956,0.238125,1.4676392226262807
506,0.3944361209869385,0.061525821685791016,0.2428125,0.2411709246950558,0.2428125,1.4671029612800817
507,0.40209102630615234,0.06133460998535156,0.2484375,0.24894857006114685,0.2484375,1.454549920235844
508,0.38722896575927734,0.061192989349365234,0.2478125,0.2470972929509515,0.2478125,1.4575393371321863
509,0.3852880001068115,0.0638420581817627,0.246875,0.24748620373671065,0.246875,1.455035245850106
510,0.39346981048583984,0.06180310249328613,0.243125,0.24277802291747505,0.243125,1.4519319263694326
511,0.3902409076690674,0.060072898864746094,0.258125,0.25977811993123817,0.258125,1.4526659471413015
512,0.40373897552490234,0.059929847717285156,0.2525,0.25235064999763335,0.2525,1.4540143631186513
513,0.3901669979095459,0.06284785270690918,0.2584375,0.2563175352097478,0.2584375,1.4443030240874826
514,0.42059874534606934,0.06185412406921387,0.2478125,0.2489049483072617,0.2478125,1.4551328853090217
515,0.39180803298950195,0.059905052185058594,0.25375,0.25354005307413036,0.25375,1.4691688328283743
516,0.3936581611633301,0.061905860900878906,0.245625,0.2425931427588724,0.245625,1.4544469885246432
517,0.39209818840026855,0.06204676628112793,0.2428125,0.24295482845661687,0.2428125,1.4590371149142418
518,0.3882901668548584,0.05974912643432617,0.251875,0.25271594527182023,0.251875,1.4569422716826934
519,0.39215707778930664,0.05989408493041992,0.24875,0.24968945975115098,0.24875,1.4523584117723793
520,0.3901989459991455,0.06296086311340332,0.2375,0.2370523744404705,0.2375,1.464088415384997
521,0.40262770652770996,0.060256004333496094,0.25625,0.2544067725754674,0.25625,1.4593888658273613
522,0.39974498748779297,0.061818838119506836,0.25125,0.25203261228721585,0.25125,1.4579314785749835
523,0.3921687602996826,0.061170101165771484,0.2440625,0.244859260600647,0.2440625,1.4570563730690411
524,0.38626694679260254,0.06355595588684082,0.2403125,0.24092275244574116,0.2403125,1.4774564390036855
525,0.390521764755249,0.06232023239135742,0.25125,0.251010213158812,0.25125,1.450096327618563
526,0.3829472064971924,0.06060171127319336,0.2521875,0.24933524766670764,0.2521875,1.455579829139032
527,0.4063549041748047,0.06338024139404297,0.2571875,0.25524841608504545,0.2571875,1.4536599132483992
528,0.3928821086883545,0.0622098445892334,0.255,0.2551880695819323,0.255,1.4458076628906884
529,0.4140000343322754,0.06180596351623535,0.251875,0.25217734233045536,0.251875,1.45470406426503
530,0.39760899543762207,0.06278610229492188,0.255625,0.2570840718902952,0.255625,1.4514973932446054
531,0.39225292205810547,0.06297111511230469,0.255,0.25440021142786906,0.255,1.4489349377705694
532,0.3963160514831543,0.06222987174987793,0.25875,0.2596350733706634,0.25875,1.4544124063337622
533,0.39602208137512207,0.06090712547302246,0.2275,0.22565254793187933,0.2275,1.4722414957666774
534,0.3876962661743164,0.06422281265258789,0.2409375,0.24072978645263363,0.2409375,1.4662804850177826
535,0.4058678150177002,0.06251215934753418,0.25625,0.2553703472737733,0.25625,1.4473964908715795
536,0.39238905906677246,0.0610508918762207,0.256875,0.2570930518175991,0.256875,1.4467225742514698
537,0.3871340751647949,0.06079888343811035,0.25,0.24911969659080435,0.25,1.4646630841340111
538,0.3890869617462158,0.06131792068481445,0.2453125,0.24404822296824946,0.2453125,1.4602686165554304
539,0.3872077465057373,0.05911612510681152,0.253125,0.2533907070752821,0.253125,1.4492090036786245
540,0.40166568756103516,0.06272411346435547,0.24625,0.24642585242302112,0.24625,1.4613338984045345
541,0.39308905601501465,0.06203961372375488,0.2521875,0.2526444550944737,0.2521875,1.4655099663516014
542,0.3845522403717041,0.06018471717834473,0.2475,0.2457782092492618,0.2475,1.4656936691854106
543,0.3864891529083252,0.061553955078125,0.261875,0.26323548249293915,0.261875,1.4418998623121542
544,0.3969228267669678,0.06226992607116699,0.26125,0.26141847890444525,0.26125,1.4528720888258613
545,0.39674925804138184,0.06294870376586914,0.24625,0.24546857335765576,0.24625,1.4521521895655045
546,0.49581098556518555,0.07885599136352539,0.26,0.25904989164985764,0.26,1.4538796239254146
547,0.4066188335418701,0.061408042907714844,0.250625,0.25137190974002904,0.250625,1.4497412436808512
548,0.4007418155670166,0.06749224662780762,0.2515625,0.2526447358510701,0.2515625,1.4515552949274633
549,0.4073636531829834,0.0638883113861084,0.2434375,0.24430815046989726,0.2434375,1.4631072809198435
550,0.41713404655456543,0.0655050277709961,0.253125,0.2530753172989543,0.253125,1.45508138217735
551,0.4081089496612549,0.0636439323425293,0.238125,0.24133405211062406,0.238125,1.4609642511834744
552,0.4148538112640381,0.07303500175476074,0.2509375,0.25093424666149305,0.2509375,1.4560401063664488
553,0.43068790435791016,0.07484602928161621,0.25125,0.2509497377439709,0.25125,1.4621583238915015
554,0.4161221981048584,0.06317687034606934,0.2546875,0.2541711481302213,0.2546875,1.4496907659731084
555,0.39215898513793945,0.0638890266418457,0.246875,0.24841574363889496,0.246875,1.4566306909445204
556,0.4057631492614746,0.0619661808013916,0.2478125,0.24525860180611006,0.2478125,1.4693436396564112
557,0.38987231254577637,0.06287980079650879,0.248125,0.24698307199115832,0.248125,1.4594044867619294
558,0.4022388458251953,0.06225991249084473,0.2496875,0.2501289944511466,0.2496875,1.4540086028294221
559,0.4005129337310791,0.0695490837097168,0.2503125,0.24964608410011863,0.2503125,1.4524047099255812
560,0.40331482887268066,0.06035614013671875,0.236875,0.23652598405732797,0.236875,1.45549186030886
561,0.40343499183654785,0.06457686424255371,0.2503125,0.24837987688666074,0.2503125,1.4567441970078487
562,0.40700531005859375,0.061284780502319336,0.2525,0.25196346253857244,0.2525,1.4549449717292788
563,0.39353299140930176,0.06166696548461914,0.2521875,0.2526779406170032,0.2521875,1.4497693708600727
564,0.39849114418029785,0.06198883056640625,0.2425,0.24361426288050775,0.2425,1.465353510517746
565,0.403994083404541,0.0655679702758789,0.2459375,0.2438867042224635,0.2459375,1.4578229548195991
566,0.5808110237121582,0.07036495208740234,0.2528125,0.2546749207946878,0.2528125,1.4532309984940792
567,0.41397786140441895,0.06592917442321777,0.2434375,0.2436332509035821,0.2434375,1.4615703123996493
568,0.41362786293029785,0.06265616416931152,0.24875,0.24682918349376182,0.24875,1.4642564335613417
569,0.47496700286865234,0.06823968887329102,0.2553125,0.25476865820863553,0.2553125,1.453785107669937
570,0.41571903228759766,0.06053781509399414,0.2521875,0.2515856392533954,0.2521875,1.4603345446196305
571,0.4425539970397949,0.07822203636169434,0.2515625,0.25238447857453017,0.2515625,1.4564274342717294
572,0.4753267765045166,0.06434202194213867,0.245625,0.24451593489649778,0.245625,1.4530623577144453
573,0.42197203636169434,0.06915402412414551,0.2384375,0.2375066759836676,0.2384375,1.448209409198246
574,0.4749271869659424,0.06989693641662598,0.2509375,0.2525734624874288,0.2509375,1.4488953164639002
575,0.42975902557373047,0.06463479995727539,0.2584375,0.2588377612763902,0.2584375,1.4520617151611197
576,0.5165832042694092,0.06760501861572266,0.2515625,0.2519920939144637,0.2515625,1.4563210359448937
577,0.43650388717651367,0.0693349838256836,0.2434375,0.24189446072809143,0.2434375,1.4594048118589689
578,0.3955378532409668,0.06327509880065918,0.2565625,0.25609303043220993,0.2565625,1.455612686577335
579,0.39127397537231445,0.061414241790771484,0.25625,0.25544596767115857,0.25625,1.4503866349004053
580,0.39172792434692383,0.061051130294799805,0.246875,0.24711046507471046,0.246875,1.456300072844436
581,0.38570594787597656,0.06017804145812988,0.2384375,0.23772790078735404,0.2384375,1.4566116827043611
582,0.3892331123352051,0.060769081115722656,0.254375,0.2541621457526886,0.254375,1.4482385486146254
583,0.3854501247406006,0.059237003326416016,0.2346875,0.23244486429949388,0.2346875,1.4641817214424666
584,0.38431215286254883,0.06014585494995117,0.2453125,0.2453466742658275,0.2453125,1.4654574880004978
585,0.39842772483825684,0.06176590919494629,0.2478125,0.24933909774592344,0.2478125,1.4497986679075825
586,0.3976283073425293,0.062100887298583984,0.2484375,0.24927345481982713,0.2484375,1.4600080467849859
587,0.38516998291015625,0.06234312057495117,0.245,0.24558824522284817,0.245,1.4596006154695942
588,0.38565492630004883,0.05995512008666992,0.2434375,0.2418367525116317,0.2434375,1.4691109397776174
589,0.3919668197631836,0.0595850944519043,0.2503125,0.25087438402883255,0.2503125,1.4590993374211343
590,0.39444494247436523,0.05988502502441406,0.251875,0.25155704093753556,0.251875,1.4557862111665394
591,0.3905019760131836,0.059803009033203125,0.2528125,0.25321920937721876,0.2528125,1.4510774826944042
592,0.3911101818084717,0.059662818908691406,0.261875,0.26081457006572184,0.261875,1.4426235497688435
593,0.3885068893432617,0.059606075286865234,0.245625,0.2458086227270721,0.245625,1.455941527025182
594,0.3876469135284424,0.06108403205871582,0.254375,0.25346778383946655,0.254375,1.4612861220120152
595,0.38667893409729004,0.06075906753540039,0.2528125,0.25459977492183083,0.2528125,1.451887479379113
596,0.38909912109375,0.059992074966430664,0.26375,0.2638278585231918,0.26375,1.4445004096117275
597,0.3875153064727783,0.06009984016418457,0.2434375,0.24380185642106156,0.2434375,1.4582385606032011
598,0.39415907859802246,0.06331110000610352,0.245,0.24515167744952426,0.245,1.4628593346394498
599,0.38680195808410645,0.060233116149902344,0.2425,0.24200610815569654,0.2425,1.4583030453006787
600,0.39142799377441406,0.06089901924133301,0.2475,0.2475909589534732,0.2475,1.4560211947156336
601,0.3848612308502197,0.06064891815185547,0.240625,0.2402218401479208,0.240625,1.4549436137371674
602,0.38553309440612793,0.0610198974609375,0.2521875,0.2527823322149053,0.2521875,1.4590740145500434
603,0.38187599182128906,0.06110215187072754,0.2415625,0.24192139758208017,0.2415625,1.4590917576689584
604,0.3948049545288086,0.059686899185180664,0.24,0.2400159550354236,0.24,1.4616752550041674
605,0.387347936630249,0.060157060623168945,0.25125,0.2499693349164105,0.25125,1.454886020101884
606,0.38430118560791016,0.060341835021972656,0.244375,0.24249358556275066,0.244375,1.463283633818852
607,0.3955190181732178,0.060684919357299805,0.2525,0.2525584655535661,0.2525,1.4675575338215423
608,0.3948328495025635,0.05979108810424805,0.2509375,0.2500121358190771,0.2509375,1.4491627791750887
609,0.3852529525756836,0.061559200286865234,0.25125,0.2529745411969596,0.25125,1.4554775889880545
610,0.38947415351867676,0.060173988342285156,0.251875,0.25195263305634463,0.251875,1.4469738298640358
611,0.3976099491119385,0.061058998107910156,0.2571875,0.25626628418663266,0.2571875,1.4561500485205283
612,0.3973500728607178,0.06011390686035156,0.24375,0.24488235311628873,0.24375,1.4535126252450319
613,0.39158129692077637,0.06258368492126465,0.243125,0.24257671966827538,0.243125,1.4585785613333644
614,0.40247297286987305,0.062272071838378906,0.2596875,0.2600071501422853,0.2596875,1.4549871999447868
615,0.39769911766052246,0.06029677391052246,0.2521875,0.2503838724108229,0.2521875,1.4575893983958201
616,0.3837881088256836,0.06194782257080078,0.2565625,0.25690645140351764,0.2565625,1.451781984464139
617,0.3816211223602295,0.06035923957824707,0.2528125,0.25160790353335444,0.2528125,1.4546417444778057
618,0.3899362087249756,0.06784677505493164,0.2415625,0.2423932674851092,0.2415625,1.4634715806391125
619,0.39432430267333984,0.06331396102905273,0.2496875,0.24956328070937578,0.2496875,1.4585307603264357
620,0.3937671184539795,0.06129312515258789,0.2496875,0.24897830957360675,0.2496875,1.4588473805608624
621,0.3902108669281006,0.07591605186462402,0.244375,0.2439952173600177,0.244375,1.4613741914910405
622,0.3884279727935791,0.0604550838470459,0.2521875,0.2527485321219738,0.2521875,1.4482312569396303
623,0.3851950168609619,0.05973625183105469,0.23625,0.23599793740209232,0.23625,1.472799362782447
624,0.3877441883087158,0.06292581558227539,0.245,0.24481194341310514,0.245,1.4481315945753346
625,0.39208292961120605,0.060936927795410156,0.250625,0.24957968353918633,0.250625,1.4506912758270158
626,0.3857910633087158,0.06225991249084473,0.259375,0.25989880955534717,0.259375,1.4501620331541103
627,0.39165520668029785,0.06113696098327637,0.25375,0.2523726012587725,0.25375,1.4584826611691524
628,0.38249921798706055,0.06038093566894531,0.2584375,0.2571294557282679,0.2584375,1.4545314475662698
629,0.3966670036315918,0.06376409530639648,0.259375,0.2578879808035646,0.259375,1.4474890420905269
630,0.3934788703918457,0.06014204025268555,0.2409375,0.24173917059961766,0.2409375,1.4711626460193332
631,0.39124488830566406,0.06143808364868164,0.251875,0.2532856903988578,0.251875,1.4586995737620476
632,0.3892948627471924,0.0607757568359375,0.2378125,0.23782600190751965,0.2378125,1.4643280575267392
633,0.38715100288391113,0.06050896644592285,0.2440625,0.2420331092630333,0.2440625,1.4486000716680996
634,0.3994460105895996,0.060472965240478516,0.2509375,0.25116568620814106,0.2509375,1.454986316760487
635,0.3927180767059326,0.06049370765686035,0.25375,0.2540145810791754,0.25375,1.448025307811826
636,0.3893160820007324,0.061387062072753906,0.2396875,0.23929208432212984,0.2396875,1.4656688241403373
637,0.38958072662353516,0.05983901023864746,0.254375,0.25347870747264073,0.254375,1.449474647597896
638,0.40154504776000977,0.06115412712097168,0.236875,0.23602718359376315,0.236875,1.4550670306166693
639,0.40065717697143555,0.07576394081115723,0.2553125,0.25403637995896505,0.2553125,1.455707481460549
640,0.39600396156311035,0.0621030330657959,0.259375,0.25904992521479475,0.259375,1.4566527249863537
641,0.3856022357940674,0.06027793884277344,0.2434375,0.24322865845820382,0.2434375,1.4678347666961151
642,0.3877730369567871,0.060521841049194336,0.2453125,0.2470882155627367,0.2453125,1.4622585121864151
643,0.3855321407318115,0.06456398963928223,0.2421875,0.24216322266998325,0.2421875,1.4516548258294428
644,0.39441990852355957,0.06198716163635254,0.24625,0.2458465937288633,0.24625,1.4578067156755716
645,0.39298510551452637,0.060968875885009766,0.25375,0.2530630171809345,0.25375,1.4502830213210138
646,0.39791107177734375,0.0624079704284668,0.253125,0.25256078498802004,0.253125,1.4555235806826956
647,0.39592790603637695,0.061483144760131836,0.24875,0.24841488944891366,0.24875,1.4441594419434376
648,0.38979101181030273,0.05980086326599121,0.2478125,0.24479377112606926,0.2478125,1.4536611023770996
649,0.39035797119140625,0.06320571899414062,0.2546875,0.25443695869632493,0.2546875,1.4511995190886975
650,0.39951086044311523,0.06099295616149902,0.23625,0.2361034279116729,0.23625,1.464508055964016
651,0.4054300785064697,0.06032729148864746,0.2490625,0.24918538701020324,0.2490625,1.447999849776691
652,0.389707088470459,0.06161093711853027,0.248125,0.24821985588466386,0.248125,1.4541264431574046
653,0.3872706890106201,0.061501264572143555,0.24875,0.24882992706932072,0.24875,1.4651935665389249
654,0.39200425148010254,0.059689998626708984,0.2509375,0.25180285645498485,0.2509375,1.4604814706841702
655,0.43340516090393066,0.07149386405944824,0.24625,0.24607578264979316,0.24625,1.4521591387747974
656,0.40019989013671875,0.06183910369873047,0.243125,0.24412009970768067,0.243125,1.458413432919822
657,0.3889012336730957,0.06233692169189453,0.246875,0.24626733360315228,0.246875,1.4574799358310155
658,0.3906259536743164,0.062133073806762695,0.2603125,0.2604519786083545,0.2603125,1.4403589382804016
659,0.3893148899078369,0.0596158504486084,0.2446875,0.24442995238879,0.2446875,1.4547818481213801
660,0.39284563064575195,0.06151127815246582,0.251875,0.2521654807908614,0.251875,1.447006328377517
661,0.38784003257751465,0.060199737548828125,0.25125,0.25176440300085534,0.25125,1.4505907433540823
662,0.3859739303588867,0.06020498275756836,0.2615625,0.26249670915494394,0.2615625,1.450131474457798
663,0.3856182098388672,0.06206989288330078,0.2484375,0.2465861538395475,0.2484375,1.460335187575219
664,0.38521385192871094,0.06100797653198242,0.246875,0.24540122150069726,0.246875,1.45739419464947
665,0.3827242851257324,0.061363935470581055,0.2421875,0.2421614203269806,0.2421875,1.4518736205120655
666,0.38603806495666504,0.060621023178100586,0.248125,0.24786599346943988,0.248125,1.454364499102963
667,0.39450907707214355,0.0635831356048584,0.2465625,0.2454548716278326,0.2465625,1.4557278339629318
668,0.38402605056762695,0.06031990051269531,0.2465625,0.24650215578061466,0.2465625,1.4629253142608365
669,0.3906879425048828,0.06118202209472656,0.2434375,0.2462073376951085,0.2434375,1.4569036206453876
670,0.3917818069458008,0.06092524528503418,0.243125,0.24320427373418682,0.243125,1.4665870075899254
671,0.3857259750366211,0.06011509895324707,0.2509375,0.2513527826499108,0.2509375,1.4522949885515897
672,0.39657115936279297,0.061383962631225586,0.24625,0.24504756743757092,0.24625,1.4619205243143591
673,0.3904719352722168,0.059268951416015625,0.2384375,0.23861690555892792,0.2384375,1.460075171064791
674,0.3889122009277344,0.06204867362976074,0.2484375,0.24913512748529903,0.2484375,1.4590260236279986
675,0.3909270763397217,0.06230568885803223,0.2384375,0.23856116321588444,0.2384375,1.4600208461642297
676,0.39554595947265625,0.06317901611328125,0.26,0.26038945807481645,0.26,1.4539175807509201
677,0.3953688144683838,0.061660051345825195,0.2615625,0.26162569993324647,0.2615625,1.4413701437129287
678,0.38551807403564453,0.06209278106689453,0.2471875,0.24817376804467678,0.2471875,1.4612383376974565
679,0.3842489719390869,0.061472177505493164,0.2446875,0.24417215562415745,0.2446875,1.4628428652488363
680,0.39864397048950195,0.061338186264038086,0.246875,0.24656555142699374,0.246875,1.469146951776873
681,0.3958408832550049,0.06127595901489258,0.24375,0.24104369011733648,0.24375,1.468529497752233
682,0.39230990409851074,0.06249594688415527,0.25125,0.2515063696564179,0.25125,1.4641374857427814
683,0.3901991844177246,0.06234288215637207,0.2465625,0.24446481627002506,0.2465625,1.4586519776764846
684,0.38655781745910645,0.06028008460998535,0.2453125,0.24546301712079202,0.2453125,1.4564079939430252
685,0.39000821113586426,0.06150984764099121,0.251875,0.2506482321856628,0.251875,1.4450518875000244
686,0.3901088237762451,0.06043696403503418,0.2465625,0.24726326323615067,0.2465625,1.4510171875061024
687,0.39230799674987793,0.06256508827209473,0.258125,0.25729165439953483,0.258125,1.4496311840267515
688,0.3922460079193115,0.061205148696899414,0.2565625,0.2584118604846665,0.2565625,1.4455955890354824
689,0.3909420967102051,0.06283068656921387,0.2546875,0.255027878386267,0.2546875,1.4500330087419206
690,0.40154480934143066,0.06586289405822754,0.243125,0.24314589510389703,0.243125,1.461029351312427
691,0.41887593269348145,0.06337618827819824,0.248125,0.24740976279307353,0.248125,1.4618132067856109
692,0.39003705978393555,0.059790849685668945,0.246875,0.2485351593969551,0.246875,1.4615661511480114
693,0.38713908195495605,0.06042003631591797,0.2459375,0.24634996163063552,0.2459375,1.4653754056705224
694,0.38724589347839355,0.06757116317749023,0.2609375,0.2591839011450153,0.2609375,1.4458141591980758
695,0.39372801780700684,0.06060171127319336,0.2565625,0.2559534160970379,0.2565625,1.4605831425460116
696,0.39090919494628906,0.06603288650512695,0.264375,0.26370254713923985,0.264375,1.4434018365172876
697,0.3867220878601074,0.059514760971069336,0.254375,0.25413033643137195,0.254375,1.4512442786374762
698,0.3923919200897217,0.06088709831237793,0.2484375,0.24891163957496623,0.2484375,1.460116036388803
699,0.39887094497680664,0.0625300407409668,0.2515625,0.2510479275006922,0.2515625,1.4534136620577818
700,0.3968839645385742,0.06276583671569824,0.24375,0.2439545919802564,0.24375,1.4565384702947386
701,0.3986382484436035,0.06103968620300293,0.2503125,0.24954657978501907,0.2503125,1.464515717866128
702,0.3915131092071533,0.06316280364990234,0.2484375,0.24742498058084691,0.2484375,1.4562289489266516
703,0.39542508125305176,0.06127595901489258,0.2484375,0.24729920330949107,0.2484375,1.4658156120163262
704,0.3991720676422119,0.0611119270324707,0.2509375,0.2506323218758547,0.2509375,1.4459377827036093
705,0.3926432132720947,0.06018877029418945,0.2521875,0.25213716384198315,0.2521875,1.4544114890201052
706,0.4011220932006836,0.06344485282897949,0.2471875,0.2453672367211042,0.2471875,1.4524629039174726
707,0.3828270435333252,0.06006669998168945,0.24625,0.2457126208777798,0.24625,1.4489482422065827
708,0.38579416275024414,0.06040596961975098,0.2590625,0.2599044143818633,0.2590625,1.4473712198664106
709,0.38645100593566895,0.05949687957763672,0.2390625,0.23793548489020555,0.2390625,1.4581738521187748
710,0.3870389461517334,0.06010603904724121,0.2525,0.2506296806490455,0.2525,1.4541703515094229
711,0.3881070613861084,0.062151193618774414,0.246875,0.2473065502707985,0.246875,1.4654012760576387
712,0.3939080238342285,0.060088157653808594,0.245,0.2455879681080984,0.245,1.4551627352153562
713,0.3914029598236084,0.06702065467834473,0.2478125,0.24693473087612197,0.2478125,1.455252945587456
714,0.3944733142852783,0.0643148422241211,0.255,0.2541456725347409,0.255,1.4555943461353247
715,0.4093959331512451,0.06369781494140625,0.2409375,0.24032869827709924,0.2409375,1.4631809785962964
716,0.4012579917907715,0.06098818778991699,0.255625,0.2563404566140146,0.255625,1.4495876823725518
717,0.3955368995666504,0.05905580520629883,0.2575,0.2568323831493019,0.2575,1.444117487654973
718,0.3935208320617676,0.05980420112609863,0.2609375,0.2603566596305176,0.2609375,1.4525309015265646
719,0.39072608947753906,0.061280012130737305,0.2296875,0.22842996307911842,0.2296875,1.4764490281643687
720,0.39803218841552734,0.06078791618347168,0.25,0.2505890371554536,0.25,1.454138779287433
721,0.39905881881713867,0.06064414978027344,0.268125,0.26879201542404413,0.268125,1.4392425812472347
722,0.390916109085083,0.059517860412597656,0.248125,0.24559322349018736,0.248125,1.457776756042304
723,0.38568711280822754,0.06277990341186523,0.2490625,0.24867244030237295,0.2490625,1.4544470060019727
724,0.390733003616333,0.05956101417541504,0.245,0.24478159497195456,0.245,1.4617514874627806
725,0.39722299575805664,0.06211996078491211,0.2521875,0.25308188247578095,0.2521875,1.4483510259901005
726,0.3912241458892822,0.0653231143951416,0.253125,0.25360460138381696,0.253125,1.450244746886938
727,0.39493894577026367,0.06333088874816895,0.2525,0.2539529374636431,0.2525,1.464804694681284
728,0.39653873443603516,0.061151981353759766,0.2478125,0.24728071817530503,0.2478125,1.4531254444875108
729,0.3965771198272705,0.06919670104980469,0.2325,0.23193268692361255,0.2325,1.47370231768279
730,0.41789793968200684,0.06357669830322266,0.241875,0.24345194331153505,0.241875,1.4600666988714397
731,0.4204847812652588,0.06339311599731445,0.245625,0.24487413816656234,0.245625,1.4555815021789658
732,0.42473387718200684,0.07973504066467285,0.2575,0.2572328951975358,0.2575,1.458511569129799
733,0.40174007415771484,0.061719655990600586,0.2484375,0.2485875388323366,0.2484375,1.4575926411745315
734,0.3944077491760254,0.06386518478393555,0.2634375,0.26354476033252827,0.2634375,1.4350784715142928
735,0.39318394660949707,0.06378602981567383,0.2453125,0.24553585275732714,0.2453125,1.4581604352924038
736,0.3998301029205322,0.061711788177490234,0.251875,0.2513717059208126,0.251875,1.4598747673499446
737,0.39975404739379883,0.06364583969116211,0.25125,0.249945560008868,0.25125,1.454063444943687
738,0.39145493507385254,0.061666011810302734,0.2521875,0.2519542121212872,0.2521875,1.4571968964401159
739,0.3957509994506836,0.06045079231262207,0.2378125,0.23803587518480002,0.2378125,1.4564261674170347
740,0.3918342590332031,0.06332683563232422,0.25,0.2500303210652802,0.25,1.4675540216226763
741,0.3934171199798584,0.061296939849853516,0.23875,0.2397719049785838,0.23875,1.4561760551704555
742,0.39356517791748047,0.06136298179626465,0.2540625,0.25434566028884464,0.2540625,1.4598043504195575
743,0.4376637935638428,0.060163021087646484,0.245625,0.24291053527054468,0.245625,1.4514302128375705
744,0.3895132541656494,0.06184887886047363,0.2465625,0.24712425519277872,0.2465625,1.464259170609153
745,0.3894529342651367,0.05982398986816406,0.25625,0.2557097360439121,0.25625,1.456331747794377
746,0.38564610481262207,0.05969405174255371,0.255625,0.256376043604902,0.255625,1.4539382244988457
747,0.39275479316711426,0.059806108474731445,0.2459375,0.24626924846484066,0.2459375,1.4597585092536747
748,0.3935227394104004,0.060355186462402344,0.2534375,0.25454807045644684,0.2534375,1.453528939133741
749,0.38967204093933105,0.061757802963256836,0.2475,0.24728022569924668,0.2475,1.4635451640801511
750,0.39478015899658203,0.0622410774230957,0.2503125,0.2478989407660127,0.2503125,1.453180994639355
751,0.3903038501739502,0.0602412223815918,0.2415625,0.24093460897054894,0.2415625,1.4546010597808066
752,0.4434390068054199,0.060610055923461914,0.2521875,0.25453573533690355,0.2521875,1.4633151321718025
753,0.39037394523620605,0.0620570182800293,0.2490625,0.2492131465134108,0.2490625,1.4541125427333415
754,0.3954920768737793,0.06169390678405762,0.2459375,0.2451679357771807,0.2459375,1.459229537530439
755,0.38819193840026855,0.06129121780395508,0.250625,0.2508700176849367,0.250625,1.4502225632890704
756,0.39182186126708984,0.060781240463256836,0.2484375,0.2481878744224083,0.2484375,1.4636977032865177
757,0.3976869583129883,0.05972409248352051,0.239375,0.24031123837502275,0.239375,1.4551036617500699
758,0.3969578742980957,0.06313419342041016,0.2575,0.2579897219867544,0.2575,1.4444532346134185
759,0.39714503288269043,0.06749916076660156,0.2453125,0.24464284220822796,0.2453125,1.460635802068698
760,0.4068317413330078,0.06360030174255371,0.2578125,0.25748683480662754,0.2578125,1.4523070400734774
761,0.3966808319091797,0.0603032112121582,0.2390625,0.23902291226630748,0.2390625,1.4591955939849777
762,0.3965921401977539,0.06215095520019531,0.255,0.2547040205983805,0.255,1.4568516998007197
763,0.3954958915710449,0.06172609329223633,0.2546875,0.25527734563778437,0.2546875,1.4545619586135063
764,0.4193100929260254,0.06240701675415039,0.2390625,0.23905675502669066,0.2390625,1.4551196730202236
765,0.38959717750549316,0.060774803161621094,0.24125,0.2421578362893423,0.24125,1.457808352549402
766,0.3911921977996826,0.06007885932922363,0.2540625,0.25423630881354037,0.2540625,1.4552012624598507
767,0.39617300033569336,0.06416106224060059,0.2559375,0.25582466471505305,0.2559375,1.4556560457250436
768,0.3942902088165283,0.0625767707824707,0.2459375,0.24774377708865994,0.2459375,1.461410645210833
769,0.4157888889312744,0.06970095634460449,0.2475,0.24559594726763745,0.2475,1.4532149884383658
770,0.44147396087646484,0.06926894187927246,0.2359375,0.23481411752131767,0.2359375,1.4652869741696912
771,0.38876914978027344,0.05980801582336426,0.2484375,0.2478437172444805,0.2484375,1.4684386932321167
772,0.3954308032989502,0.06008410453796387,0.2478125,0.24861624394883033,0.2478125,1.4649598441608
773,0.3896760940551758,0.06161785125732422,0.2496875,0.25203761719620665,0.2496875,1.4493000898995405
774,0.3963339328765869,0.0636441707611084,0.2578125,0.2579630124057445,0.2578125,1.447968919151132
775,0.39362311363220215,0.0603487491607666,0.25,0.25039927841641174,0.25,1.4583727791324281
776,0.39025306701660156,0.05987405776977539,0.26875,0.26979872891439916,0.26875,1.4409367220531664
777,0.39154529571533203,0.05986976623535156,0.24375,0.24356293528078637,0.24375,1.4588809470435187
778,0.3933391571044922,0.06048297882080078,0.25125,0.24772332930897914,0.25125,1.4589546088598662
779,0.3901700973510742,0.06087303161621094,0.2528125,0.2525374753325348,0.2528125,1.4611170751873666
780,0.3913419246673584,0.06170010566711426,0.2465625,0.24648956918780007,0.2465625,1.4694583745813963
781,0.39349794387817383,0.06297612190246582,0.2490625,0.2496702136273104,0.2490625,1.4582702647741177
782,0.3912661075592041,0.0611109733581543,0.2528125,0.2512165890028706,0.2528125,1.4553230545689362
783,0.3835911750793457,0.061148881912231445,0.2559375,0.2552429659091216,0.2559375,1.4562948032732013
784,0.38383007049560547,0.06170225143432617,0.245,0.24526119380969646,0.245,1.4526121335858564
785,0.3997948169708252,0.06506800651550293,0.243125,0.2418262476433466,0.243125,1.4603454908030296
786,0.49318909645080566,0.08564209938049316,0.2453125,0.24681616477314036,0.2453125,1.4597613827272107
787,0.4243509769439697,0.0793910026550293,0.2565625,0.2560706177787572,0.2565625,1.4497641123935807
788,0.40938806533813477,0.06823205947875977,0.2365625,0.23694794319369838,0.2365625,1.4470972934001531
789,0.39672303199768066,0.061872005462646484,0.253125,0.2536532300646044,0.253125,1.4546141442506968
790,0.3905630111694336,0.06006312370300293,0.24875,0.2467362208383679,0.24875,1.4693839983380061
791,0.3941481113433838,0.06363129615783691,0.2553125,0.2556505718368267,0.2553125,1.4476483312314428
792,0.40260815620422363,0.06143784523010254,0.248125,0.24889249411229464,0.248125,1.455258478801773
793,0.4091501235961914,0.06294798851013184,0.2371875,0.23788213018040202,0.2371875,1.4592471508197196
794,0.4809141159057617,0.0661311149597168,0.245625,0.2443204384183936,0.245625,1.446942551625148
795,0.41408586502075195,0.06125211715698242,0.24625,0.2472716337634811,0.24625,1.4623074692046765
796,0.4209470748901367,0.0706179141998291,0.2553125,0.25608713194009824,0.2553125,1.450965368942701
797,0.41495299339294434,0.06604504585266113,0.2434375,0.24391125372103134,0.2434375,1.4630045799952383
798,0.4173250198364258,0.06448793411254883,0.25625,0.25790006215895156,0.25625,1.4513932529998794
799,0.41509079933166504,0.0667729377746582,0.236875,0.23619264622081396,0.236875,1.4612862950467467
800,0.4169929027557373,0.06449699401855469,0.2471875,0.24534180788604043,0.2471875,1.4610532990600154
801,0.48012590408325195,0.06699180603027344,0.25625,0.2576803892377589,0.25625,1.4452231151847998
802,0.5386688709259033,0.06488919258117676,0.2515625,0.2523595518884552,0.2515625,1.4624959973304152
803,0.4024472236633301,0.06060171127319336,0.25625,0.25588386772600574,0.25625,1.4466428658527235
804,0.4097859859466553,0.06418704986572266,0.24375,0.24400003562994144,0.24375,1.457213203855666
805,0.39534926414489746,0.06025862693786621,0.2528125,0.2517211447922874,0.2528125,1.4595797715710832
806,0.38898682594299316,0.06077718734741211,0.243125,0.24235294175677008,0.243125,1.4639188037245625
807,0.396557092666626,0.06227898597717285,0.2434375,0.2442656476743379,0.2434375,1.4587576536824969
808,0.40205907821655273,0.06154799461364746,0.2634375,0.2655728124392754,0.2634375,1.437928547238438
809,0.4216301441192627,0.07740497589111328,0.250625,0.2503711548667271,0.250625,1.4633940073047895
810,0.3943648338317871,0.060502052307128906,0.258125,0.2577200801345455,0.258125,1.4495239820447015
811,0.39793992042541504,0.061654090881347656,0.249375,0.2490462232783606,0.249375,1.4583536778382284
812,0.40880894660949707,0.06267309188842773,0.2515625,0.25228447178459845,0.2515625,1.4505034287784206
813,0.3965730667114258,0.06227588653564453,0.2375,0.23547281127333886,0.2375,1.466391132483067
814,0.38977885246276855,0.06112217903137207,0.2465625,0.2462471669854384,0.2465625,1.4616624786592474
815,0.3937070369720459,0.06006813049316406,0.2465625,0.24709279979895601,0.2465625,1.4669168131372203
816,0.38692688941955566,0.06123685836791992,0.2534375,0.25321338445419395,0.2534375,1.4521288253833584
817,0.39002490043640137,0.061730146408081055,0.241875,0.24306794833301681,0.241875,1.4566609767356595
818,0.39572882652282715,0.059615135192871094,0.25,0.2507471652641939,0.25,1.4565532422154934
819,0.3983011245727539,0.06371474266052246,0.2515625,0.25099063056064685,0.2515625,1.4466942712074005
820,0.4038102626800537,0.062207937240600586,0.250625,0.2501532247905611,0.250625,1.4574512103176493
821,0.3876368999481201,0.059272050857543945,0.249375,0.24868575826347197,0.249375,1.4541284082415677
822,0.44649386405944824,0.06753206253051758,0.2509375,0.2527637685808812,0.2509375,1.446698138225821
823,0.4500730037689209,0.06776285171508789,0.2403125,0.2394350128179524,0.2403125,1.4586460297316568
824,0.43439292907714844,0.06410884857177734,0.2471875,0.2479900288462875,0.2471875,1.4592132682577852
825,0.40706419944763184,0.06172680854797363,0.2490625,0.2481068472582197,0.2490625,1.449373954606949
826,0.3861880302429199,0.061097145080566406,0.2496875,0.24919343959044432,0.2496875,1.4596621653143995
827,0.3909599781036377,0.06563806533813477,0.245,0.24471870787326402,0.245,1.4652199145053826
828,0.3864259719848633,0.061476945877075195,0.245625,0.24661304141521623,0.245625,1.4558062222664137
829,0.385159969329834,0.061142921447753906,0.24125,0.2410810684077419,0.24125,1.460657291282548
830,0.3842277526855469,0.060004234313964844,0.254375,0.2538354797287449,0.254375,1.4513142521612414
831,0.38480305671691895,0.061670780181884766,0.2421875,0.24179795760801578,0.2421875,1.456858438760777
832,0.3882482051849365,0.06183576583862305,0.2571875,0.2579154882578102,0.2571875,1.4654155427114706
833,0.38759398460388184,0.059987783432006836,0.2496875,0.24863995295360286,0.2496875,1.4602917087036076
834,0.3838009834289551,0.06283712387084961,0.2490625,0.24879752151806833,0.2490625,1.4567602511623408
835,0.38611459732055664,0.060021162033081055,0.24125,0.2406659509835818,0.24125,1.448738060233801
836,0.40084099769592285,0.06004691123962402,0.25375,0.2532518090122989,0.25375,1.4527599328751695
837,0.40015316009521484,0.06228923797607422,0.2340625,0.23075954402321142,0.2340625,1.4652090916332896
838,0.40154576301574707,0.09573817253112793,0.2475,0.24580209122049695,0.2475,1.4540391606933725
839,0.4497048854827881,0.06829285621643066,0.256875,0.2586969617955556,0.256875,1.4597156188005642
840,0.4194340705871582,0.061517953872680664,0.244375,0.24319301833773377,0.244375,1.4637657776165178
841,0.39563918113708496,0.06093573570251465,0.23875,0.2376243112290065,0.23875,1.4545124601434023
842,0.4035468101501465,0.06106114387512207,0.234375,0.23524040509220043,0.234375,1.4533362533424685
843,0.39310503005981445,0.060681819915771484,0.25125,0.2536280929979394,0.25125,1.4462469337866748
844,0.39087414741516113,0.06066703796386719,0.250625,0.2514092380648472,0.250625,1.4567026858745413
845,0.3936598300933838,0.060561180114746094,0.2528125,0.2524061792825044,0.2528125,1.4558467968571835
846,0.3882780075073242,0.059506893157958984,0.254375,0.2519527794121026,0.254375,1.4555757578745858
847,0.39373111724853516,0.0621950626373291,0.24375,0.24240135974076413,0.24375,1.4527234335898276
848,0.39026713371276855,0.06200885772705078,0.2421875,0.2408645307379556,0.2421875,1.4670422158462344
849,0.39455389976501465,0.060594797134399414,0.265,0.2675156159581562,0.265,1.4456575279944843
850,0.39805006980895996,0.06404972076416016,0.2521875,0.25322840611008424,0.2521875,1.4499390573967406
851,0.39031291007995605,0.059712886810302734,0.2471875,0.24843676647537705,0.2471875,1.4568122169188502
852,0.41326093673706055,0.06951498985290527,0.2446875,0.24420172580357186,0.2446875,1.4654163032547738
853,0.4087660312652588,0.06249499320983887,0.2509375,0.25089802089181856,0.2509375,1.4593068655664927
854,0.44268202781677246,0.07023811340332031,0.243125,0.24239707333525135,0.243125,1.4579805470043643
855,0.41008687019348145,0.0682680606842041,0.2496875,0.2493529718592322,0.2496875,1.4612765546534836
856,0.40758419036865234,0.06854677200317383,0.25375,0.2537507759254933,0.25375,1.4424310014797244
857,0.39519524574279785,0.06175875663757324,0.250625,0.24900557144741323,0.250625,1.4587869333136154
858,0.39272403717041016,0.061823129653930664,0.244375,0.2446386099605881,0.244375,1.4499761313857664
859,0.39890217781066895,0.06396007537841797,0.25,0.25021566699575376,0.25,1.45128361575113
860,0.39391088485717773,0.0608830451965332,0.2478125,0.2456276709405767,0.2478125,1.458606772265943
861,0.3958578109741211,0.061070919036865234,0.2471875,0.2477793635228274,0.2471875,1.4669580808344134
862,0.3922450542449951,0.06038784980773926,0.265625,0.2679849513809027,0.265625,1.4535846840442963
863,0.386760950088501,0.060667991638183594,0.2465625,0.24798043130346553,0.2465625,1.4573133930762951
864,0.38218021392822266,0.060321807861328125,0.2375,0.23236377145624737,0.2375,1.4563238815690298
865,0.3941359519958496,0.06216096878051758,0.25625,0.2563449583389539,0.25625,1.4656990304225082
866,0.41826629638671875,0.06178879737854004,0.26125,0.26019848436344034,0.26125,1.4430266155426414
867,0.4510080814361572,0.06486296653747559,0.25625,0.2557051002291512,0.25625,1.4526280683296142
868,0.4176750183105469,0.06311488151550293,0.2421875,0.24402822440539373,0.2421875,1.4613725579211143
869,0.394193172454834,0.06238102912902832,0.23375,0.23313470368274042,0.23375,1.4616475949599286
870,0.4042818546295166,0.0647282600402832,0.254375,0.25333050002156604,0.254375,1.4513080591341936
871,0.39368200302124023,0.06177210807800293,0.25125,0.250632138782466,0.25125,1.4599507197004358
872,0.392805814743042,0.06329011917114258,0.2565625,0.256291182542157,0.2565625,1.450586586507367
873,0.3931310176849365,0.06359696388244629,0.2290625,0.22939465055381575,0.2290625,1.4755054933822709
874,0.3891158103942871,0.06124401092529297,0.2634375,0.2630850975689047,0.2634375,1.4487366785117126
875,0.39583826065063477,0.05978870391845703,0.24125,0.24232157690734354,0.24125,1.4654607247970797
876,0.3888211250305176,0.06253886222839355,0.2490625,0.24941537476941186,0.2490625,1.465969979602155
877,0.3971381187438965,0.060050010681152344,0.2403125,0.24072979887188165,0.2403125,1.4568081531794235
878,0.39562296867370605,0.06325769424438477,0.2496875,0.2476540824538396,0.2496875,1.4476398436901774
879,0.39537525177001953,0.06281685829162598,0.2559375,0.2584240139047623,0.2559375,1.4537228150678458
880,0.3940601348876953,0.06031179428100586,0.245625,0.24450970989242238,0.245625,1.4572600627211165
881,0.3908240795135498,0.06389689445495605,0.26,0.25954538549780176,0.26,1.4416549315183196
882,0.39548587799072266,0.06650710105895996,0.2403125,0.23808427383394984,0.2403125,1.4578081074392524
883,0.401242733001709,0.06651425361633301,0.2503125,0.2512996861319982,0.2503125,1.452600971529094
884,0.40547990798950195,0.06394100189208984,0.24875,0.2488458466692436,0.24875,1.457505860863152
885,0.4076578617095947,0.0615391731262207,0.24875,0.24863714044206034,0.24875,1.4546301249963074
886,0.39165401458740234,0.06744980812072754,0.239375,0.23868291793802604,0.239375,1.4768861223763985
887,0.43494391441345215,0.06458497047424316,0.2525,0.2524172894705696,0.2525,1.4563074906157523
888,0.43587684631347656,0.06559610366821289,0.2546875,0.2561597699508832,0.2546875,1.450839732549561
889,0.39104413986206055,0.06283807754516602,0.2434375,0.24019206917795405,0.2434375,1.4659857964586933
890,0.392974853515625,0.06595921516418457,0.25625,0.25688811867705613,0.25625,1.449279912366279
891,0.3943352699279785,0.06257271766662598,0.2465625,0.24697189700635433,0.2465625,1.453201522902267
892,0.4348788261413574,0.07249808311462402,0.2509375,0.2507355659386106,0.2509375,1.4479086828032646
893,0.43146586418151855,0.09020113945007324,0.253125,0.25352354836531305,0.253125,1.4498348315723042
894,0.4330470561981201,0.06832575798034668,0.240625,0.24352540362022088,0.240625,1.4634479915142007
895,0.4226968288421631,0.06560587882995605,0.2628125,0.26396202934898705,0.2628125,1.4466468274146371
896,0.4764068126678467,0.07054901123046875,0.2465625,0.2473584504521171,0.2465625,1.4675082424087276
897,0.4058341979980469,0.06206202507019043,0.25375,0.25361702535454583,0.25375,1.4531917743362328
898,0.3928699493408203,0.060871124267578125,0.24,0.23808697282660485,0.24,1.4631534769816665
899,0.39107203483581543,0.060899972915649414,0.2378125,0.23622797660701267,0.2378125,1.4835141658101694
900,0.3972659111022949,0.0616300106048584,0.255625,0.2550800659104645,0.255625,1.4500382073489515
901,0.38553404808044434,0.060730934143066406,0.2459375,0.24437237228589467,0.2459375,1.456365990414828
902,0.3866429328918457,0.060178279876708984,0.2471875,0.2473692760142772,0.2471875,1.4554454062704667
903,0.3955249786376953,0.06046009063720703,0.2540625,0.25428112377683176,0.2540625,1.4464541611332289
904,0.40056490898132324,0.061456918716430664,0.250625,0.24918339601257133,0.250625,1.4593805928737407
905,0.38596200942993164,0.059654951095581055,0.2465625,0.2453192850595186,0.2465625,1.457456422668364
906,0.38669896125793457,0.06151700019836426,0.2384375,0.23817978983387852,0.2384375,1.468920415906041
907,0.3847239017486572,0.061638832092285156,0.2503125,0.2499405291747624,0.2503125,1.4585204835681045
908,0.4105548858642578,0.06089019775390625,0.2459375,0.24637880562214,0.2459375,1.456599241218442
909,0.39235901832580566,0.0599370002746582,0.2615625,0.2633498732738378,0.2615625,1.4500151499232872
910,0.385418176651001,0.06385588645935059,0.2503125,0.2489499768482731,0.2503125,1.4529289152405211
911,0.3913741111755371,0.061409711837768555,0.246875,0.24516500691117454,0.246875,1.454422023213299
912,0.3856840133666992,0.06098198890686035,0.241875,0.241892016403304,0.241875,1.4572681958255516
913,0.3906850814819336,0.06189298629760742,0.24,0.23897079011737307,0.24,1.4617878076145734
914,0.38868212699890137,0.06115889549255371,0.250625,0.25068833330870577,0.250625,1.454658255389449
915,0.3884451389312744,0.06070208549499512,0.270625,0.2711355764914844,0.270625,1.441284869170675
916,0.38505983352661133,0.0603182315826416,0.2503125,0.2507218468088507,0.2503125,1.461719255985798
917,0.38509702682495117,0.06141376495361328,0.2428125,0.24097370203816104,0.2428125,1.4604463911118868
918,0.3843801021575928,0.060356855392456055,0.24875,0.24839291127348798,0.24875,1.4621988736504397
919,0.3838169574737549,0.06126999855041504,0.2503125,0.25149623182014014,0.2503125,1.4527261503138686
920,0.3993678092956543,0.0613250732421875,0.2446875,0.2436597895775111,0.2446875,1.467678313888719
921,0.4021589756011963,0.06148076057434082,0.25375,0.2537127042318212,0.25375,1.4480214263962927
922,0.40479016304016113,0.062313079833984375,0.2428125,0.24270071576325297,0.2428125,1.4640125794758547
923,0.3859231472015381,0.06222891807556152,0.2496875,0.24909552752642963,0.2496875,1.4594619111551987
924,0.39679789543151855,0.061798810958862305,0.251875,0.25228417611722675,0.251875,1.4628956304018812
925,0.4056050777435303,0.07545709609985352,0.2628125,0.2618670352023959,0.2628125,1.444872225936325
926,0.4062957763671875,0.07002902030944824,0.2621875,0.2630345785939039,0.2621875,1.4582925687008543
927,0.3925619125366211,0.061280012130737305,0.2390625,0.237336759497024,0.2390625,1.4511766247144537
928,0.38824987411499023,0.059916019439697266,0.25625,0.2572999502156641,0.25625,1.4473593305285386
929,0.38567090034484863,0.05988001823425293,0.25125,0.2521261663874328,0.25125,1.455053436660417
930,0.38995790481567383,0.0633549690246582,0.2496875,0.24995226681014335,0.2496875,1.461131043152211
931,0.38675498962402344,0.06124114990234375,0.2503125,0.24933256360599493,0.2503125,1.4681999701947495
932,0.38365960121154785,0.06189322471618652,0.2403125,0.23962191225002438,0.2403125,1.4592022890208944
933,0.3797738552093506,0.060916900634765625,0.2471875,0.2464991969738649,0.2471875,1.4473437697374762
934,0.3937249183654785,0.06018495559692383,0.2478125,0.24639809901038703,0.2478125,1.4558119531633784
935,0.3861110210418701,0.06108212471008301,0.2440625,0.24293006708377857,0.2440625,1.460744514836252
936,0.38480591773986816,0.060131072998046875,0.2553125,0.25698072929404275,0.2553125,1.4579512117479425
937,0.3846399784088135,0.060209035873413086,0.2584375,0.2588964392545886,0.2584375,1.4468825628595443
938,0.3851032257080078,0.062168121337890625,0.25125,0.2518310885151365,0.25125,1.4469865735738872
939,0.38526320457458496,0.0602879524230957,0.2578125,0.25701251811292225,0.2578125,1.4616438714112507
940,0.3843388557434082,0.061750173568725586,0.2521875,0.25195299479313943,0.2521875,1.4560567006382075
941,0.3830089569091797,0.06104707717895508,0.2415625,0.2408483505505491,0.2415625,1.4693745805725593
942,0.3812291622161865,0.06056499481201172,0.255625,0.2536458532438123,0.255625,1.4605977311917677
943,0.38304591178894043,0.060082197189331055,0.241875,0.24196586969460243,0.241875,1.4608515569106977
944,0.3874080181121826,0.061078786849975586,0.236875,0.23663359869261721,0.236875,1.4624770807138503
945,0.380842924118042,0.05974888801574707,0.246875,0.2489594109209321,0.246875,1.460026161139049
946,0.3860359191894531,0.05920720100402832,0.2525,0.2516405919622918,0.2525,1.4484004416724416
947,0.38891100883483887,0.0787358283996582,0.2546875,0.25499955500614224,0.2546875,1.4463657615790948
948,0.39684295654296875,0.06305384635925293,0.2478125,0.24782430067026862,0.2478125,1.4493271397957648
949,0.3930952548980713,0.06900572776794434,0.245,0.24353621112348225,0.245,1.4608322307961925
950,0.4019598960876465,0.0611422061920166,0.2465625,0.2439223985772849,0.2465625,1.454252930999849
951,0.38408923149108887,0.06011009216308594,0.24625,0.24588386243410698,0.24625,1.4565389597534029
952,0.3967280387878418,0.06308698654174805,0.2496875,0.2497518387234915,0.2496875,1.4586956961392759
953,0.39163804054260254,0.0606226921081543,0.244375,0.24479714930629243,0.244375,1.4546870378927272
954,0.38602304458618164,0.06015300750732422,0.255625,0.2558162827845613,0.255625,1.4591841626781616
955,0.38768720626831055,0.06134676933288574,0.2440625,0.2420484231182312,0.2440625,1.4584572666798754
956,0.38744091987609863,0.06048989295959473,0.2565625,0.25641708795771373,0.2565625,1.4420642174875535
957,0.39209413528442383,0.06327605247497559,0.2440625,0.24312820620862463,0.2440625,1.4653686193452913
958,0.39118194580078125,0.06095719337463379,0.2409375,0.24246636485833467,0.2409375,1.4631142055544064
959,0.38950395584106445,0.0626833438873291,0.25,0.2517272260941773,0.25,1.4601591110033194
960,0.38825011253356934,0.06043720245361328,0.244375,0.244586027796354,0.244375,1.4654385647669488
961,0.3875558376312256,0.06098294258117676,0.2409375,0.2388466512036438,0.2409375,1.4570570855626697
962,0.3891150951385498,0.06151080131530762,0.2428125,0.24315962642861713,0.2428125,1.4539240904985493
963,0.39363884925842285,0.06335616111755371,0.241875,0.2407000060557047,0.241875,1.4591527475686619
964,0.3981761932373047,0.060646772384643555,0.2409375,0.240738751010192,0.2409375,1.4660818829138733
965,0.391340970993042,0.06193900108337402,0.2478125,0.249247420176862,0.2478125,1.4540047796456776
966,0.39255809783935547,0.06072807312011719,0.250625,0.2527317700769126,0.250625,1.4578124749805017
967,0.3884580135345459,0.06064891815185547,0.255,0.2531703963884815,0.255,1.452095081623607
968,0.3935050964355469,0.06043076515197754,0.255,0.2532255670219544,0.255,1.4549830724214172
969,0.38869810104370117,0.05948901176452637,0.234375,0.23517167131212435,0.234375,1.4605948320828788
970,0.38811802864074707,0.06108498573303223,0.2471875,0.24867632267752246,0.2471875,1.4591113032884977
971,0.39195704460144043,0.061161041259765625,0.2375,0.2349504686285485,0.2375,1.4559241258341178
972,0.3849518299102783,0.06144905090332031,0.24375,0.24361255863580186,0.24375,1.465329192263369
973,0.38102293014526367,0.061945199966430664,0.2428125,0.24242336479741483,0.2428125,1.471571602465538
974,0.38156604766845703,0.05969810485839844,0.261875,0.2622512002249506,0.261875,1.4466149858126767
975,0.38402318954467773,0.060965776443481445,0.246875,0.24662323277012604,0.246875,1.4537731233392908
976,0.38402223587036133,0.05978274345397949,0.251875,0.25018956127494146,0.251875,1.4539340930792912
977,0.3849217891693115,0.060935258865356445,0.24375,0.24192469409247944,0.24375,1.4610534590379347
978,0.3845791816711426,0.060009002685546875,0.243125,0.2426409036539031,0.243125,1.4628898825317957
979,0.3991739749908447,0.06204581260681152,0.2521875,0.2520104698882577,0.2521875,1.4492763046290935
980,0.3867638111114502,0.05965304374694824,0.2484375,0.24933953605632936,0.2484375,1.4555025219375761
981,0.38648390769958496,0.06026315689086914,0.2440625,0.24202405872145163,0.2440625,1.4634955468001596
982,0.38500523567199707,0.06089282035827637,0.24875,0.24742196148559054,0.24875,1.4647776855776502
983,0.3853440284729004,0.06170010566711426,0.24,0.24022329400760337,0.24,1.4606215840450694
984,0.39404296875,0.06120705604553223,0.246875,0.2464789015931835,0.246875,1.4627034481012486
985,0.4043560028076172,0.06818509101867676,0.2303125,0.229787067174164,0.2303125,1.469242064073955
986,0.4002978801727295,0.06023406982421875,0.259375,0.2614549274941199,0.259375,1.436348813380762
987,0.40261220932006836,0.060742855072021484,0.245,0.24654210277683927,0.245,1.459943452582618
988,0.39620304107666016,0.06114792823791504,0.25,0.24884098295288257,0.25,1.4585725999071653
989,0.3921389579772949,0.06179189682006836,0.2571875,0.25631597494682085,0.2571875,1.4548879122893006
990,0.40363407135009766,0.06219601631164551,0.2475,0.24762279162797157,0.2475,1.4639624255364772
991,0.3944709300994873,0.06078195571899414,0.2534375,0.25401692091387346,0.2534375,1.4525811987874946
992,0.39808011054992676,0.062246084213256836,0.2509375,0.25063406158634643,0.2509375,1.4569314096557366
993,0.39249515533447266,0.062020063400268555,0.23875,0.2378760965772035,0.23875,1.4674211310235021
994,0.39085888862609863,0.061141014099121094,0.2509375,0.25036808272501865,0.2509375,1.4485253093275023
995,0.39520692825317383,0.06274771690368652,0.2496875,0.24880728246112863,0.2496875,1.45715441961497
996,0.3887648582458496,0.060272932052612305,0.2409375,0.23996230935254384,0.2409375,1.4650012358003075
997,0.394852876663208,0.06505918502807617,0.2584375,0.2586406979093088,0.2584375,1.4396048701210287
998,0.38559389114379883,0.06176614761352539,0.2525,0.25173821679496283,0.2525,1.45757714313115
999,0.38852906227111816,0.06019902229309082,0.25125,0.249835257018903,0.25125,1.4623679144012385
